onactivate,a
onactivate,abbr
onactivate,acronym
onactivate,address
onactivate,applet
onactivate,area
onactivate,article
onactivate,aside
onactivate,audio
onactivate,b
onactivate,base
onactivate,basefont
onactivate,bdi
onactivate,bdo
onactivate,bgsound
onactivate,big
onactivate,blink
onactivate,blockquote
onactivate,body
onactivate,br
onactivate,button
onactivate,canvas
onactivate,caption
onactivate,center
onactivate,cite
onactivate,code
onactivate,col
onactivate,colgroup
onactivate,command
onactivate,content
onactivate,data
onactivate,datalist
onactivate,dd
onactivate,del
onactivate,details
onactivate,dfn
onactivate,dialog
onactivate,dir
onactivate,div
onactivate,dl
onactivate,dt
onactivate,element
onactivate,em
onactivate,embed
onactivate,fieldset
onactivate,figcaption
onactivate,figure
onactivate,font
onactivate,footer
onactivate,form
onactivate,frame
onactivate,frameset
onactivate,h1
onactivate,head
onactivate,header
onactivate,hgroup
onactivate,hr
onactivate,html
onactivate,i
onactivate,iframe
onactivate,image
onactivate,img
onactivate,input
onactivate,ins
onactivate,isindex
onactivate,kbd
onactivate,keygen
onactivate,label
onactivate,legend
onactivate,li
onactivate,link
onactivate,listing
onactivate,main
onactivate,map
onactivate,mark
onactivate,marquee
onactivate,menu
onactivate,menuitem
onactivate,meta
onactivate,meter
onactivate,multicol
onactivate,nav
onactivate,nextid
onactivate,nobr
onactivate,noembed
onactivate,noframes
onactivate,noscript
onactivate,object
onactivate,ol
onactivate,optgroup
onactivate,option
onactivate,output
onactivate,p
onactivate,param
onactivate,picture
onactivate,plaintext
onactivate,pre
onactivate,progress
onactivate,q
onactivate,rb
onactivate,rp
onactivate,rt
onactivate,rtc
onactivate,ruby
onactivate,s
onactivate,samp
onactivate,script
onactivate,section
onactivate,select
onactivate,shadow
onactivate,slot
onactivate,small
onactivate,source
onactivate,spacer
onactivate,span
onactivate,strike
onactivate,strong
onactivate,style
onactivate,sub
onactivate,summary
onactivate,sup
onactivate,svg
onactivate,table
onactivate,tbody
onactivate,td
onactivate,template
onactivate,textarea
onactivate,tfoot
onactivate,th
onactivate,thead
onactivate,time
onactivate,title
onactivate,tr
onactivate,track
onactivate,tt
onactivate,u
onactivate,ul
onactivate,var
onactivate,video
onactivate,wbr
onactivate,xmp
onafterprint,body
onafterscriptexecute,a
onafterscriptexecute,abbr
onafterscriptexecute,acronym
onafterscriptexecute,address
onafterscriptexecute,applet
onafterscriptexecute,area
onafterscriptexecute,article
onafterscriptexecute,aside
onafterscriptexecute,audio
onafterscriptexecute,b
onafterscriptexecute,base
onafterscriptexecute,basefont
onafterscriptexecute,bdi
onafterscriptexecute,bdo
onafterscriptexecute,bgsound
onafterscriptexecute,big
onafterscriptexecute,blink
onafterscriptexecute,blockquote
onafterscriptexecute,body
onafterscriptexecute,br
onafterscriptexecute,button
onafterscriptexecute,canvas
onafterscriptexecute,caption
onafterscriptexecute,center
onafterscriptexecute,cite
onafterscriptexecute,code
onafterscriptexecute,col
onafterscriptexecute,colgroup
onafterscriptexecute,command
onafterscriptexecute,content
onafterscriptexecute,data
onafterscriptexecute,datalist
onafterscriptexecute,dd
onafterscriptexecute,del
onafterscriptexecute,details
onafterscriptexecute,dfn
onafterscriptexecute,dialog
onafterscriptexecute,dir
onafterscriptexecute,div
onafterscriptexecute,dl
onafterscriptexecute,dt
onafterscriptexecute,element
onafterscriptexecute,em
onafterscriptexecute,embed
onafterscriptexecute,fieldset
onafterscriptexecute,figcaption
onafterscriptexecute,figure
onafterscriptexecute,font
onafterscriptexecute,footer
onafterscriptexecute,form
onafterscriptexecute,frame
onafterscriptexecute,frameset
onafterscriptexecute,h1
onafterscriptexecute,head
onafterscriptexecute,header
onafterscriptexecute,hgroup
onafterscriptexecute,hr
onafterscriptexecute,html
onafterscriptexecute,i
onafterscriptexecute,iframe
onafterscriptexecute,image
onafterscriptexecute,img
onafterscriptexecute,input
onafterscriptexecute,ins
onafterscriptexecute,isindex
onafterscriptexecute,kbd
onafterscriptexecute,keygen
onafterscriptexecute,label
onafterscriptexecute,legend
onafterscriptexecute,li
onafterscriptexecute,link
onafterscriptexecute,listing
onafterscriptexecute,main
onafterscriptexecute,map
onafterscriptexecute,mark
onafterscriptexecute,marquee
onafterscriptexecute,menu
onafterscriptexecute,menuitem
onafterscriptexecute,meta
onafterscriptexecute,meter
onafterscriptexecute,multicol
onafterscriptexecute,nav
onafterscriptexecute,nextid
onafterscriptexecute,nobr
onafterscriptexecute,noembed
onafterscriptexecute,noframes
onafterscriptexecute,noscript
onafterscriptexecute,object
onafterscriptexecute,ol
onafterscriptexecute,optgroup
onafterscriptexecute,option
onafterscriptexecute,output
onafterscriptexecute,p
onafterscriptexecute,param
onafterscriptexecute,picture
onafterscriptexecute,plaintext
onafterscriptexecute,pre
onafterscriptexecute,progress
onafterscriptexecute,q
onafterscriptexecute,rb
onafterscriptexecute,rp
onafterscriptexecute,rt
onafterscriptexecute,rtc
onafterscriptexecute,ruby
onafterscriptexecute,s
onafterscriptexecute,samp
onafterscriptexecute,script
onafterscriptexecute,section
onafterscriptexecute,select
onafterscriptexecute,shadow
onafterscriptexecute,slot
onafterscriptexecute,small
onafterscriptexecute,source
onafterscriptexecute,spacer
onafterscriptexecute,span
onafterscriptexecute,strike
onafterscriptexecute,strong
onafterscriptexecute,style
onafterscriptexecute,sub
onafterscriptexecute,summary
onafterscriptexecute,sup
onafterscriptexecute,svg
onafterscriptexecute,table
onafterscriptexecute,tbody
onafterscriptexecute,td
onafterscriptexecute,template
onafterscriptexecute,textarea
onafterscriptexecute,tfoot
onafterscriptexecute,th
onafterscriptexecute,thead
onafterscriptexecute,time
onafterscriptexecute,title
onafterscriptexecute,tr
onafterscriptexecute,track
onafterscriptexecute,tt
onafterscriptexecute,u
onafterscriptexecute,ul
onafterscriptexecute,var
onafterscriptexecute,video
onafterscriptexecute,wbr
onafterscriptexecute,xmp
onanimationcancel,a
onanimationcancel,abbr
onanimationcancel,acronym
onanimationcancel,address
onanimationcancel,applet
onanimationcancel,area
onanimationcancel,article
onanimationcancel,aside
onanimationcancel,audio
onanimationcancel,b
onanimationcancel,base
onanimationcancel,basefont
onanimationcancel,bdi
onanimationcancel,bdo
onanimationcancel,bgsound
onanimationcancel,big
onanimationcancel,blink
onanimationcancel,blockquote
onanimationcancel,body
onanimationcancel,br
onanimationcancel,button
onanimationcancel,canvas
onanimationcancel,caption
onanimationcancel,center
onanimationcancel,cite
onanimationcancel,code
onanimationcancel,col
onanimationcancel,colgroup
onanimationcancel,command
onanimationcancel,content
onanimationcancel,data
onanimationcancel,datalist
onanimationcancel,dd
onanimationcancel,del
onanimationcancel,details
onanimationcancel,dfn
onanimationcancel,dialog
onanimationcancel,dir
onanimationcancel,div
onanimationcancel,dl
onanimationcancel,dt
onanimationcancel,element
onanimationcancel,em
onanimationcancel,embed
onanimationcancel,fieldset
onanimationcancel,figcaption
onanimationcancel,figure
onanimationcancel,font
onanimationcancel,footer
onanimationcancel,form
onanimationcancel,frame
onanimationcancel,frameset
onanimationcancel,h1
onanimationcancel,head
onanimationcancel,header
onanimationcancel,hgroup
onanimationcancel,hr
onanimationcancel,html
onanimationcancel,i
onanimationcancel,iframe
onanimationcancel,image
onanimationcancel,img
onanimationcancel,input
onanimationcancel,ins
onanimationcancel,isindex
onanimationcancel,kbd
onanimationcancel,keygen
onanimationcancel,label
onanimationcancel,legend
onanimationcancel,li
onanimationcancel,link
onanimationcancel,listing
onanimationcancel,main
onanimationcancel,map
onanimationcancel,mark
onanimationcancel,marquee
onanimationcancel,menu
onanimationcancel,menuitem
onanimationcancel,meta
onanimationcancel,meter
onanimationcancel,multicol
onanimationcancel,nav
onanimationcancel,nextid
onanimationcancel,nobr
onanimationcancel,noembed
onanimationcancel,noframes
onanimationcancel,noscript
onanimationcancel,object
onanimationcancel,ol
onanimationcancel,optgroup
onanimationcancel,option
onanimationcancel,output
onanimationcancel,p
onanimationcancel,param
onanimationcancel,picture
onanimationcancel,plaintext
onanimationcancel,pre
onanimationcancel,progress
onanimationcancel,q
onanimationcancel,rb
onanimationcancel,rp
onanimationcancel,rt
onanimationcancel,rtc
onanimationcancel,ruby
onanimationcancel,s
onanimationcancel,samp
onanimationcancel,script
onanimationcancel,section
onanimationcancel,select
onanimationcancel,shadow
onanimationcancel,slot
onanimationcancel,small
onanimationcancel,source
onanimationcancel,spacer
onanimationcancel,span
onanimationcancel,strike
onanimationcancel,strong
onanimationcancel,style
onanimationcancel,sub
onanimationcancel,summary
onanimationcancel,sup
onanimationcancel,svg
onanimationcancel,table
onanimationcancel,tbody
onanimationcancel,td
onanimationcancel,template
onanimationcancel,textarea
onanimationcancel,tfoot
onanimationcancel,th
onanimationcancel,thead
onanimationcancel,time
onanimationcancel,title
onanimationcancel,tr
onanimationcancel,track
onanimationcancel,tt
onanimationcancel,u
onanimationcancel,ul
onanimationcancel,var
onanimationcancel,video
onanimationcancel,wbr
onanimationcancel,xmp
onanimationend,a
onanimationend,abbr
onanimationend,acronym
onanimationend,address
onanimationend,applet
onanimationend,area
onanimationend,article
onanimationend,aside
onanimationend,audio
onanimationend,b
onanimationend,base
onanimationend,basefont
onanimationend,bdi
onanimationend,bdo
onanimationend,bgsound
onanimationend,big
onanimationend,blink
onanimationend,blockquote
onanimationend,body
onanimationend,br
onanimationend,button
onanimationend,canvas
onanimationend,caption
onanimationend,center
onanimationend,cite
onanimationend,code
onanimationend,col
onanimationend,colgroup
onanimationend,command
onanimationend,content
onanimationend,data
onanimationend,datalist
onanimationend,dd
onanimationend,del
onanimationend,details
onanimationend,dfn
onanimationend,dialog
onanimationend,dir
onanimationend,div
onanimationend,dl
onanimationend,dt
onanimationend,element
onanimationend,em
onanimationend,embed
onanimationend,fieldset
onanimationend,figcaption
onanimationend,figure
onanimationend,font
onanimationend,footer
onanimationend,form
onanimationend,frame
onanimationend,frameset
onanimationend,h1
onanimationend,head
onanimationend,header
onanimationend,hgroup
onanimationend,hr
onanimationend,html
onanimationend,i
onanimationend,iframe
onanimationend,image
onanimationend,img
onanimationend,input
onanimationend,ins
onanimationend,isindex
onanimationend,kbd
onanimationend,keygen
onanimationend,label
onanimationend,legend
onanimationend,li
onanimationend,link
onanimationend,listing
onanimationend,main
onanimationend,map
onanimationend,mark
onanimationend,marquee
onanimationend,menu
onanimationend,menuitem
onanimationend,meta
onanimationend,meter
onanimationend,multicol
onanimationend,nav
onanimationend,nextid
onanimationend,nobr
onanimationend,noembed
onanimationend,noframes
onanimationend,noscript
onanimationend,object
onanimationend,ol
onanimationend,optgroup
onanimationend,option
onanimationend,output
onanimationend,p
onanimationend,param
onanimationend,picture
onanimationend,plaintext
onanimationend,pre
onanimationend,progress
onanimationend,q
onanimationend,rb
onanimationend,rp
onanimationend,rt
onanimationend,rtc
onanimationend,ruby
onanimationend,s
onanimationend,samp
onanimationend,script
onanimationend,section
onanimationend,select
onanimationend,shadow
onanimationend,slot
onanimationend,small
onanimationend,source
onanimationend,spacer
onanimationend,span
onanimationend,strike
onanimationend,strong
onanimationend,style
onanimationend,sub
onanimationend,summary
onanimationend,sup
onanimationend,svg
onanimationend,table
onanimationend,tbody
onanimationend,td
onanimationend,template
onanimationend,textarea
onanimationend,tfoot
onanimationend,th
onanimationend,thead
onanimationend,time
onanimationend,title
onanimationend,tr
onanimationend,track
onanimationend,tt
onanimationend,u
onanimationend,ul
onanimationend,var
onanimationend,video
onanimationend,wbr
onanimationend,xmp
onanimationiteration,a
onanimationiteration,abbr
onanimationiteration,acronym
onanimationiteration,address
onanimationiteration,applet
onanimationiteration,area
onanimationiteration,article
onanimationiteration,aside
onanimationiteration,audio
onanimationiteration,b
onanimationiteration,base
onanimationiteration,basefont
onanimationiteration,bdi
onanimationiteration,bdo
onanimationiteration,bgsound
onanimationiteration,big
onanimationiteration,blink
onanimationiteration,blockquote
onanimationiteration,body
onanimationiteration,br
onanimationiteration,button
onanimationiteration,canvas
onanimationiteration,caption
onanimationiteration,center
onanimationiteration,cite
onanimationiteration,code
onanimationiteration,col
onanimationiteration,colgroup
onanimationiteration,command
onanimationiteration,content
onanimationiteration,data
onanimationiteration,datalist
onanimationiteration,dd
onanimationiteration,del
onanimationiteration,details
onanimationiteration,dfn
onanimationiteration,dialog
onanimationiteration,dir
onanimationiteration,div
onanimationiteration,dl
onanimationiteration,dt
onanimationiteration,element
onanimationiteration,em
onanimationiteration,embed
onanimationiteration,fieldset
onanimationiteration,figcaption
onanimationiteration,figure
onanimationiteration,font
onanimationiteration,footer
onanimationiteration,form
onanimationiteration,frame
onanimationiteration,frameset
onanimationiteration,h1
onanimationiteration,head
onanimationiteration,header
onanimationiteration,hgroup
onanimationiteration,hr
onanimationiteration,html
onanimationiteration,i
onanimationiteration,iframe
onanimationiteration,image
onanimationiteration,img
onanimationiteration,input
onanimationiteration,ins
onanimationiteration,isindex
onanimationiteration,kbd
onanimationiteration,keygen
onanimationiteration,label
onanimationiteration,legend
onanimationiteration,li
onanimationiteration,link
onanimationiteration,listing
onanimationiteration,main
onanimationiteration,map
onanimationiteration,mark
onanimationiteration,marquee
onanimationiteration,menu
onanimationiteration,menuitem
onanimationiteration,meta
onanimationiteration,meter
onanimationiteration,multicol
onanimationiteration,nav
onanimationiteration,nextid
onanimationiteration,nobr
onanimationiteration,noembed
onanimationiteration,noframes
onanimationiteration,noscript
onanimationiteration,object
onanimationiteration,ol
onanimationiteration,optgroup
onanimationiteration,option
onanimationiteration,output
onanimationiteration,p
onanimationiteration,param
onanimationiteration,picture
onanimationiteration,plaintext
onanimationiteration,pre
onanimationiteration,progress
onanimationiteration,q
onanimationiteration,rb
onanimationiteration,rp
onanimationiteration,rt
onanimationiteration,rtc
onanimationiteration,ruby
onanimationiteration,s
onanimationiteration,samp
onanimationiteration,script
onanimationiteration,section
onanimationiteration,select
onanimationiteration,shadow
onanimationiteration,slot
onanimationiteration,small
onanimationiteration,source
onanimationiteration,spacer
onanimationiteration,span
onanimationiteration,strike
onanimationiteration,strong
onanimationiteration,style
onanimationiteration,sub
onanimationiteration,summary
onanimationiteration,sup
onanimationiteration,svg
onanimationiteration,table
onanimationiteration,tbody
onanimationiteration,td
onanimationiteration,template
onanimationiteration,textarea
onanimationiteration,tfoot
onanimationiteration,th
onanimationiteration,thead
onanimationiteration,time
onanimationiteration,title
onanimationiteration,tr
onanimationiteration,track
onanimationiteration,tt
onanimationiteration,u
onanimationiteration,ul
onanimationiteration,var
onanimationiteration,video
onanimationiteration,wbr
onanimationiteration,xmp
onanimationstart,a
onanimationstart,abbr
onanimationstart,acronym
onanimationstart,address
onanimationstart,applet
onanimationstart,area
onanimationstart,article
onanimationstart,aside
onanimationstart,audio
onanimationstart,b
onanimationstart,base
onanimationstart,basefont
onanimationstart,bdi
onanimationstart,bdo
onanimationstart,bgsound
onanimationstart,big
onanimationstart,blink
onanimationstart,blockquote
onanimationstart,body
onanimationstart,br
onanimationstart,button
onanimationstart,canvas
onanimationstart,caption
onanimationstart,center
onanimationstart,cite
onanimationstart,code
onanimationstart,col
onanimationstart,colgroup
onanimationstart,command
onanimationstart,content
onanimationstart,data
onanimationstart,datalist
onanimationstart,dd
onanimationstart,del
onanimationstart,details
onanimationstart,dfn
onanimationstart,dialog
onanimationstart,dir
onanimationstart,div
onanimationstart,dl
onanimationstart,dt
onanimationstart,element
onanimationstart,em
onanimationstart,embed
onanimationstart,fieldset
onanimationstart,figcaption
onanimationstart,figure
onanimationstart,font
onanimationstart,footer
onanimationstart,form
onanimationstart,frame
onanimationstart,frameset
onanimationstart,h1
onanimationstart,head
onanimationstart,header
onanimationstart,hgroup
onanimationstart,hr
onanimationstart,html
onanimationstart,i
onanimationstart,iframe
onanimationstart,image
onanimationstart,img
onanimationstart,input
onanimationstart,ins
onanimationstart,isindex
onanimationstart,kbd
onanimationstart,keygen
onanimationstart,label
onanimationstart,legend
onanimationstart,li
onanimationstart,link
onanimationstart,listing
onanimationstart,main
onanimationstart,map
onanimationstart,mark
onanimationstart,marquee
onanimationstart,menu
onanimationstart,menuitem
onanimationstart,meta
onanimationstart,meter
onanimationstart,multicol
onanimationstart,nav
onanimationstart,nextid
onanimationstart,nobr
onanimationstart,noembed
onanimationstart,noframes
onanimationstart,noscript
onanimationstart,object
onanimationstart,ol
onanimationstart,optgroup
onanimationstart,option
onanimationstart,output
onanimationstart,p
onanimationstart,param
onanimationstart,picture
onanimationstart,plaintext
onanimationstart,pre
onanimationstart,progress
onanimationstart,q
onanimationstart,rb
onanimationstart,rp
onanimationstart,rt
onanimationstart,rtc
onanimationstart,ruby
onanimationstart,s
onanimationstart,samp
onanimationstart,script
onanimationstart,section
onanimationstart,select
onanimationstart,shadow
onanimationstart,slot
onanimationstart,small
onanimationstart,source
onanimationstart,spacer
onanimationstart,span
onanimationstart,strike
onanimationstart,strong
onanimationstart,style
onanimationstart,sub
onanimationstart,summary
onanimationstart,sup
onanimationstart,svg
onanimationstart,table
onanimationstart,tbody
onanimationstart,td
onanimationstart,template
onanimationstart,textarea
onanimationstart,tfoot
onanimationstart,th
onanimationstart,thead
onanimationstart,time
onanimationstart,title
onanimationstart,tr
onanimationstart,track
onanimationstart,tt
onanimationstart,u
onanimationstart,ul
onanimationstart,var
onanimationstart,video
onanimationstart,wbr
onanimationstart,xmp
onbeforeactivate,a
onbeforeactivate,abbr
onbeforeactivate,acronym
onbeforeactivate,address
onbeforeactivate,applet
onbeforeactivate,area
onbeforeactivate,article
onbeforeactivate,aside
onbeforeactivate,audio
onbeforeactivate,b
onbeforeactivate,base
onbeforeactivate,basefont
onbeforeactivate,bdi
onbeforeactivate,bdo
onbeforeactivate,bgsound
onbeforeactivate,big
onbeforeactivate,blink
onbeforeactivate,blockquote
onbeforeactivate,body
onbeforeactivate,br
onbeforeactivate,button
onbeforeactivate,canvas
onbeforeactivate,caption
onbeforeactivate,center
onbeforeactivate,cite
onbeforeactivate,code
onbeforeactivate,col
onbeforeactivate,colgroup
onbeforeactivate,command
onbeforeactivate,content
onbeforeactivate,data
onbeforeactivate,datalist
onbeforeactivate,dd
onbeforeactivate,del
onbeforeactivate,details
onbeforeactivate,dfn
onbeforeactivate,dialog
onbeforeactivate,dir
onbeforeactivate,div
onbeforeactivate,dl
onbeforeactivate,dt
onbeforeactivate,element
onbeforeactivate,em
onbeforeactivate,embed
onbeforeactivate,fieldset
onbeforeactivate,figcaption
onbeforeactivate,figure
onbeforeactivate,font
onbeforeactivate,footer
onbeforeactivate,form
onbeforeactivate,frame
onbeforeactivate,frameset
onbeforeactivate,h1
onbeforeactivate,head
onbeforeactivate,header
onbeforeactivate,hgroup
onbeforeactivate,hr
onbeforeactivate,html
onbeforeactivate,i
onbeforeactivate,iframe
onbeforeactivate,image
onbeforeactivate,img
onbeforeactivate,input
onbeforeactivate,ins
onbeforeactivate,isindex
onbeforeactivate,kbd
onbeforeactivate,keygen
onbeforeactivate,label
onbeforeactivate,legend
onbeforeactivate,li
onbeforeactivate,link
onbeforeactivate,listing
onbeforeactivate,main
onbeforeactivate,map
onbeforeactivate,mark
onbeforeactivate,marquee
onbeforeactivate,menu
onbeforeactivate,menuitem
onbeforeactivate,meta
onbeforeactivate,meter
onbeforeactivate,multicol
onbeforeactivate,nav
onbeforeactivate,nextid
onbeforeactivate,nobr
onbeforeactivate,noembed
onbeforeactivate,noframes
onbeforeactivate,noscript
onbeforeactivate,object
onbeforeactivate,ol
onbeforeactivate,optgroup
onbeforeactivate,option
onbeforeactivate,output
onbeforeactivate,p
onbeforeactivate,param
onbeforeactivate,picture
onbeforeactivate,plaintext
onbeforeactivate,pre
onbeforeactivate,progress
onbeforeactivate,q
onbeforeactivate,rb
onbeforeactivate,rp
onbeforeactivate,rt
onbeforeactivate,rtc
onbeforeactivate,ruby
onbeforeactivate,s
onbeforeactivate,samp
onbeforeactivate,script
onbeforeactivate,section
onbeforeactivate,select
onbeforeactivate,shadow
onbeforeactivate,slot
onbeforeactivate,small
onbeforeactivate,source
onbeforeactivate,spacer
onbeforeactivate,span
onbeforeactivate,strike
onbeforeactivate,strong
onbeforeactivate,style
onbeforeactivate,sub
onbeforeactivate,summary
onbeforeactivate,sup
onbeforeactivate,svg
onbeforeactivate,table
onbeforeactivate,tbody
onbeforeactivate,td
onbeforeactivate,template
onbeforeactivate,textarea
onbeforeactivate,tfoot
onbeforeactivate,th
onbeforeactivate,thead
onbeforeactivate,time
onbeforeactivate,title
onbeforeactivate,tr
onbeforeactivate,track
onbeforeactivate,tt
onbeforeactivate,u
onbeforeactivate,ul
onbeforeactivate,var
onbeforeactivate,video
onbeforeactivate,wbr
onbeforeactivate,xmp
onbeforedeactivate,a
onbeforedeactivate,abbr
onbeforedeactivate,acronym
onbeforedeactivate,address
onbeforedeactivate,applet
onbeforedeactivate,area
onbeforedeactivate,article
onbeforedeactivate,aside
onbeforedeactivate,audio
onbeforedeactivate,b
onbeforedeactivate,base
onbeforedeactivate,basefont
onbeforedeactivate,bdi
onbeforedeactivate,bdo
onbeforedeactivate,bgsound
onbeforedeactivate,big
onbeforedeactivate,blink
onbeforedeactivate,blockquote
onbeforedeactivate,body
onbeforedeactivate,br
onbeforedeactivate,button
onbeforedeactivate,canvas
onbeforedeactivate,caption
onbeforedeactivate,center
onbeforedeactivate,cite
onbeforedeactivate,code
onbeforedeactivate,col
onbeforedeactivate,colgroup
onbeforedeactivate,command
onbeforedeactivate,content
onbeforedeactivate,data
onbeforedeactivate,datalist
onbeforedeactivate,dd
onbeforedeactivate,del
onbeforedeactivate,details
onbeforedeactivate,dfn
onbeforedeactivate,dialog
onbeforedeactivate,dir
onbeforedeactivate,div
onbeforedeactivate,dl
onbeforedeactivate,dt
onbeforedeactivate,element
onbeforedeactivate,em
onbeforedeactivate,embed
onbeforedeactivate,fieldset
onbeforedeactivate,figcaption
onbeforedeactivate,figure
onbeforedeactivate,font
onbeforedeactivate,footer
onbeforedeactivate,form
onbeforedeactivate,frame
onbeforedeactivate,frameset
onbeforedeactivate,h1
onbeforedeactivate,head
onbeforedeactivate,header
onbeforedeactivate,hgroup
onbeforedeactivate,hr
onbeforedeactivate,html
onbeforedeactivate,i
onbeforedeactivate,iframe
onbeforedeactivate,image
onbeforedeactivate,img
onbeforedeactivate,input
onbeforedeactivate,ins
onbeforedeactivate,isindex
onbeforedeactivate,kbd
onbeforedeactivate,keygen
onbeforedeactivate,label
onbeforedeactivate,legend
onbeforedeactivate,li
onbeforedeactivate,link
onbeforedeactivate,listing
onbeforedeactivate,main
onbeforedeactivate,map
onbeforedeactivate,mark
onbeforedeactivate,marquee
onbeforedeactivate,menu
onbeforedeactivate,menuitem
onbeforedeactivate,meta
onbeforedeactivate,meter
onbeforedeactivate,multicol
onbeforedeactivate,nav
onbeforedeactivate,nextid
onbeforedeactivate,nobr
onbeforedeactivate,noembed
onbeforedeactivate,noframes
onbeforedeactivate,noscript
onbeforedeactivate,object
onbeforedeactivate,ol
onbeforedeactivate,optgroup
onbeforedeactivate,option
onbeforedeactivate,output
onbeforedeactivate,p
onbeforedeactivate,param
onbeforedeactivate,picture
onbeforedeactivate,plaintext
onbeforedeactivate,pre
onbeforedeactivate,progress
onbeforedeactivate,q
onbeforedeactivate,rb
onbeforedeactivate,rp
onbeforedeactivate,rt
onbeforedeactivate,rtc
onbeforedeactivate,ruby
onbeforedeactivate,s
onbeforedeactivate,samp
onbeforedeactivate,script
onbeforedeactivate,section
onbeforedeactivate,select
onbeforedeactivate,shadow
onbeforedeactivate,slot
onbeforedeactivate,small
onbeforedeactivate,source
onbeforedeactivate,spacer
onbeforedeactivate,span
onbeforedeactivate,strike
onbeforedeactivate,strong
onbeforedeactivate,style
onbeforedeactivate,sub
onbeforedeactivate,summary
onbeforedeactivate,sup
onbeforedeactivate,svg
onbeforedeactivate,table
onbeforedeactivate,tbody
onbeforedeactivate,td
onbeforedeactivate,template
onbeforedeactivate,textarea
onbeforedeactivate,tfoot
onbeforedeactivate,th
onbeforedeactivate,thead
onbeforedeactivate,time
onbeforedeactivate,title
onbeforedeactivate,tr
onbeforedeactivate,track
onbeforedeactivate,tt
onbeforedeactivate,u
onbeforedeactivate,ul
onbeforedeactivate,var
onbeforedeactivate,video
onbeforedeactivate,wbr
onbeforedeactivate,xmp
onbeforeprint,body
onbeforescriptexecute,a
onbeforescriptexecute,abbr
onbeforescriptexecute,acronym
onbeforescriptexecute,address
onbeforescriptexecute,applet
onbeforescriptexecute,area
onbeforescriptexecute,article
onbeforescriptexecute,aside
onbeforescriptexecute,audio
onbeforescriptexecute,b
onbeforescriptexecute,base
onbeforescriptexecute,basefont
onbeforescriptexecute,bdi
onbeforescriptexecute,bdo
onbeforescriptexecute,bgsound
onbeforescriptexecute,big
onbeforescriptexecute,blink
onbeforescriptexecute,blockquote
onbeforescriptexecute,body
onbeforescriptexecute,br
onbeforescriptexecute,button
onbeforescriptexecute,canvas
onbeforescriptexecute,caption
onbeforescriptexecute,center
onbeforescriptexecute,cite
onbeforescriptexecute,code
onbeforescriptexecute,col
onbeforescriptexecute,colgroup
onbeforescriptexecute,command
onbeforescriptexecute,content
onbeforescriptexecute,data
onbeforescriptexecute,datalist
onbeforescriptexecute,dd
onbeforescriptexecute,del
onbeforescriptexecute,details
onbeforescriptexecute,dfn
onbeforescriptexecute,dialog
onbeforescriptexecute,dir
onbeforescriptexecute,div
onbeforescriptexecute,dl
onbeforescriptexecute,dt
onbeforescriptexecute,element
onbeforescriptexecute,em
onbeforescriptexecute,embed
onbeforescriptexecute,fieldset
onbeforescriptexecute,figcaption
onbeforescriptexecute,figure
onbeforescriptexecute,font
onbeforescriptexecute,footer
onbeforescriptexecute,form
onbeforescriptexecute,frame
onbeforescriptexecute,frameset
onbeforescriptexecute,h1
onbeforescriptexecute,head
onbeforescriptexecute,header
onbeforescriptexecute,hgroup
onbeforescriptexecute,hr
onbeforescriptexecute,html
onbeforescriptexecute,i
onbeforescriptexecute,iframe
onbeforescriptexecute,image
onbeforescriptexecute,img
onbeforescriptexecute,input
onbeforescriptexecute,ins
onbeforescriptexecute,isindex
onbeforescriptexecute,kbd
onbeforescriptexecute,keygen
onbeforescriptexecute,label
onbeforescriptexecute,legend
onbeforescriptexecute,li
onbeforescriptexecute,link
onbeforescriptexecute,listing
onbeforescriptexecute,main
onbeforescriptexecute,map
onbeforescriptexecute,mark
onbeforescriptexecute,marquee
onbeforescriptexecute,menu
onbeforescriptexecute,menuitem
onbeforescriptexecute,meta
onbeforescriptexecute,meter
onbeforescriptexecute,multicol
onbeforescriptexecute,nav
onbeforescriptexecute,nextid
onbeforescriptexecute,nobr
onbeforescriptexecute,noembed
onbeforescriptexecute,noframes
onbeforescriptexecute,noscript
onbeforescriptexecute,object
onbeforescriptexecute,ol
onbeforescriptexecute,optgroup
onbeforescriptexecute,option
onbeforescriptexecute,output
onbeforescriptexecute,p
onbeforescriptexecute,param
onbeforescriptexecute,picture
onbeforescriptexecute,plaintext
onbeforescriptexecute,pre
onbeforescriptexecute,progress
onbeforescriptexecute,q
onbeforescriptexecute,rb
onbeforescriptexecute,rp
onbeforescriptexecute,rt
onbeforescriptexecute,rtc
onbeforescriptexecute,ruby
onbeforescriptexecute,s
onbeforescriptexecute,samp
onbeforescriptexecute,script
onbeforescriptexecute,section
onbeforescriptexecute,select
onbeforescriptexecute,shadow
onbeforescriptexecute,slot
onbeforescriptexecute,small
onbeforescriptexecute,source
onbeforescriptexecute,spacer
onbeforescriptexecute,span
onbeforescriptexecute,strike
onbeforescriptexecute,strong
onbeforescriptexecute,style
onbeforescriptexecute,sub
onbeforescriptexecute,summary
onbeforescriptexecute,sup
onbeforescriptexecute,svg
onbeforescriptexecute,table
onbeforescriptexecute,tbody
onbeforescriptexecute,td
onbeforescriptexecute,template
onbeforescriptexecute,textarea
onbeforescriptexecute,tfoot
onbeforescriptexecute,th
onbeforescriptexecute,thead
onbeforescriptexecute,time
onbeforescriptexecute,title
onbeforescriptexecute,tr
onbeforescriptexecute,track
onbeforescriptexecute,tt
onbeforescriptexecute,u
onbeforescriptexecute,ul
onbeforescriptexecute,var
onbeforescriptexecute,video
onbeforescriptexecute,wbr
onbeforescriptexecute,xmp
onbeforeunload,body
onbegin,animate
onbegin,animatemotion
onbegin,animatetransform
onbegin,discard
onbegin,set
onblur,a
onblur,abbr
onblur,acronym
onblur,address
onblur,applet
onblur,area
onblur,article
onblur,aside
onblur,audio
onblur,b
onblur,base
onblur,basefont
onblur,bdi
onblur,bdo
onblur,bgsound
onblur,big
onblur,blink
onblur,blockquote
onblur,body
onblur,br
onblur,button
onblur,canvas
onblur,caption
onblur,center
onblur,cite
onblur,code
onblur,col
onblur,colgroup
onblur,command
onblur,content
onblur,data
onblur,datalist
onblur,dd
onblur,del
onblur,details
onblur,dfn
onblur,dialog
onblur,dir
onblur,div
onblur,dl
onblur,dt
onblur,element
onblur,em
onblur,embed
onblur,fieldset
onblur,figcaption
onblur,figure
onblur,font
onblur,footer
onblur,form
onblur,frame
onblur,frameset
onblur,h1
onblur,head
onblur,header
onblur,hgroup
onblur,hr
onblur,html
onblur,i
onblur,iframe
onblur,image
onblur,img
onblur,input
onblur,ins
onblur,isindex
onblur,kbd
onblur,keygen
onblur,label
onblur,legend
onblur,li
onblur,link
onblur,listing
onblur,main
onblur,map
onblur,mark
onblur,marquee
onblur,menu
onblur,menuitem
onblur,meta
onblur,meter
onblur,multicol
onblur,nav
onblur,nextid
onblur,nobr
onblur,noembed
onblur,noframes
onblur,noscript
onblur,object
onblur,ol
onblur,optgroup
onblur,option
onblur,output
onblur,p
onblur,param
onblur,picture
onblur,plaintext
onblur,pre
onblur,progress
onblur,q
onblur,rb
onblur,rp
onblur,rt
onblur,rtc
onblur,ruby
onblur,s
onblur,samp
onblur,script
onblur,section
onblur,select
onblur,shadow
onblur,slot
onblur,small
onblur,source
onblur,spacer
onblur,span
onblur,strike
onblur,strong
onblur,style
onblur,sub
onblur,summary
onblur,sup
onblur,svg
onblur,table
onblur,tbody
onblur,td
onblur,template
onblur,textarea
onblur,tfoot
onblur,th
onblur,thead
onblur,time
onblur,title
onblur,tr
onblur,track
onblur,tt
onblur,u
onblur,ul
onblur,var
onblur,video
onblur,wbr
onblur,xmp
onbounce,marquee
oncanplay,audio
oncanplay,video
oncanplaythrough,video
oncuechange,track
ondeactivate,a
ondeactivate,abbr
ondeactivate,acronym
ondeactivate,address
ondeactivate,applet
ondeactivate,area
ondeactivate,article
ondeactivate,aside
ondeactivate,audio
ondeactivate,b
ondeactivate,base
ondeactivate,basefont
ondeactivate,bdi
ondeactivate,bdo
ondeactivate,bgsound
ondeactivate,big
ondeactivate,blink
ondeactivate,blockquote
ondeactivate,body
ondeactivate,br
ondeactivate,button
ondeactivate,canvas
ondeactivate,caption
ondeactivate,center
ondeactivate,cite
ondeactivate,code
ondeactivate,col
ondeactivate,colgroup
ondeactivate,command
ondeactivate,content
ondeactivate,data
ondeactivate,datalist
ondeactivate,dd
ondeactivate,del
ondeactivate,details
ondeactivate,dfn
ondeactivate,dialog
ondeactivate,dir
ondeactivate,div
ondeactivate,dl
ondeactivate,dt
ondeactivate,element
ondeactivate,em
ondeactivate,embed
ondeactivate,fieldset
ondeactivate,figcaption
ondeactivate,figure
ondeactivate,font
ondeactivate,footer
ondeactivate,form
ondeactivate,frame
ondeactivate,frameset
ondeactivate,h1
ondeactivate,head
ondeactivate,header
ondeactivate,hgroup
ondeactivate,hr
ondeactivate,html
ondeactivate,i
ondeactivate,iframe
ondeactivate,image
ondeactivate,img
ondeactivate,input
ondeactivate,ins
ondeactivate,isindex
ondeactivate,kbd
ondeactivate,keygen
ondeactivate,label
ondeactivate,legend
ondeactivate,li
ondeactivate,link
ondeactivate,listing
ondeactivate,main
ondeactivate,map
ondeactivate,mark
ondeactivate,marquee
ondeactivate,menu
ondeactivate,menuitem
ondeactivate,meta
ondeactivate,meter
ondeactivate,multicol
ondeactivate,nav
ondeactivate,nextid
ondeactivate,nobr
ondeactivate,noembed
ondeactivate,noframes
ondeactivate,noscript
ondeactivate,object
ondeactivate,ol
ondeactivate,optgroup
ondeactivate,option
ondeactivate,output
ondeactivate,p
ondeactivate,param
ondeactivate,picture
ondeactivate,plaintext
ondeactivate,pre
ondeactivate,progress
ondeactivate,q
ondeactivate,rb
ondeactivate,rp
ondeactivate,rt
ondeactivate,rtc
ondeactivate,ruby
ondeactivate,s
ondeactivate,samp
ondeactivate,script
ondeactivate,section
ondeactivate,select
ondeactivate,shadow
ondeactivate,slot
ondeactivate,small
ondeactivate,source
ondeactivate,spacer
ondeactivate,span
ondeactivate,strike
ondeactivate,strong
ondeactivate,style
ondeactivate,sub
ondeactivate,summary
ondeactivate,sup
ondeactivate,svg
ondeactivate,table
ondeactivate,tbody
ondeactivate,td
ondeactivate,template
ondeactivate,textarea
ondeactivate,tfoot
ondeactivate,th
ondeactivate,thead
ondeactivate,time
ondeactivate,title
ondeactivate,tr
ondeactivate,track
ondeactivate,tt
ondeactivate,u
ondeactivate,ul
ondeactivate,var
ondeactivate,video
ondeactivate,wbr
ondeactivate,xmp
ondurationchange,audio
ondurationchange,video
onend,animate
onend,animatemotion
onend,animatetransform
onend,set
onended,audio
onended,video
onerror,audio
onerror,body
onerror,embed
onerror,image
onerror,image2
onerror,image3
onerror,img
onerror,img2
onerror,input
onerror,isindex
onerror,link
onerror,object
onerror,script
onerror,source
onerror,video
onfinish,marquee
onfocus,a
onfocus,a2
onfocus,abbr
onfocus,acronym
onfocus,address
onfocus,applet
onfocus,area
onfocus,article
onfocus,aside
onfocus,audio
onfocus,audio2
onfocus,b
onfocus,base
onfocus,basefont
onfocus,bdi
onfocus,bdo
onfocus,bgsound
onfocus,big
onfocus,blink
onfocus,blockquote
onfocus,body
onfocus,br
onfocus,button
onfocus,canvas
onfocus,caption
onfocus,center
onfocus,cite
onfocus,code
onfocus,col
onfocus,colgroup
onfocus,command
onfocus,content
onfocus,data
onfocus,datalist
onfocus,dd
onfocus,del
onfocus,details
onfocus,dfn
onfocus,dialog
onfocus,dir
onfocus,div
onfocus,dl
onfocus,dt
onfocus,element
onfocus,em
onfocus,embed
onfocus,fieldset
onfocus,figcaption
onfocus,figure
onfocus,font
onfocus,footer
onfocus,form
onfocus,frame
onfocus,frameset
onfocus,h1
onfocus,head
onfocus,header
onfocus,hgroup
onfocus,hr
onfocus,html
onfocus,i
onfocus,iframe
onfocus,iframe2
onfocus,image
onfocus,img
onfocus,input
onfocus,input2
onfocus,input3
onfocus,input4
onfocus,ins
onfocus,isindex
onfocus,kbd
onfocus,keygen
onfocus,keygen
onfocus,label
onfocus,legend
onfocus,li
onfocus,link
onfocus,listing
onfocus,main
onfocus,map
onfocus,mark
onfocus,marquee
onfocus,menu
onfocus,menuitem
onfocus,meta
onfocus,meter
onfocus,multicol
onfocus,nav
onfocus,nextid
onfocus,nobr
onfocus,noembed
onfocus,noframes
onfocus,noscript
onfocus,object
onfocus,ol
onfocus,optgroup
onfocus,option
onfocus,output
onfocus,p
onfocus,param
onfocus,picture
onfocus,plaintext
onfocus,pre
onfocus,progress
onfocus,q
onfocus,rb
onfocus,rp
onfocus,rt
onfocus,rtc
onfocus,ruby
onfocus,s
onfocus,samp
onfocus,script
onfocus,section
onfocus,select
onfocus,shadow
onfocus,slot
onfocus,small
onfocus,source
onfocus,spacer
onfocus,span
onfocus,strike
onfocus,strong
onfocus,style
onfocus,sub
onfocus,summary
onfocus,sup
onfocus,svg
onfocus,table
onfocus,tbody
onfocus,td
onfocus,template
onfocus,textarea
onfocus,tfoot
onfocus,th
onfocus,thead
onfocus,time
onfocus,title
onfocus,tr
onfocus,track
onfocus,tt
onfocus,u
onfocus,ul
onfocus,var
onfocus,video
onfocus,video2
onfocus,wbr
onfocus,xmp
onfocusin,a
onfocusin,a2
onfocusin,abbr
onfocusin,acronym
onfocusin,address
onfocusin,applet
onfocusin,area
onfocusin,article
onfocusin,aside
onfocusin,audio
onfocusin,audio2
onfocusin,b
onfocusin,base
onfocusin,basefont
onfocusin,bdi
onfocusin,bdo
onfocusin,bgsound
onfocusin,big
onfocusin,blink
onfocusin,blockquote
onfocusin,body
onfocusin,br
onfocusin,button
onfocusin,canvas
onfocusin,caption
onfocusin,center
onfocusin,cite
onfocusin,code
onfocusin,col
onfocusin,colgroup
onfocusin,command
onfocusin,content
onfocusin,data
onfocusin,datalist
onfocusin,dd
onfocusin,del
onfocusin,details
onfocusin,dfn
onfocusin,dialog
onfocusin,dir
onfocusin,div
onfocusin,dl
onfocusin,dt
onfocusin,element
onfocusin,em
onfocusin,embed
onfocusin,fieldset
onfocusin,figcaption
onfocusin,figure
onfocusin,font
onfocusin,footer
onfocusin,form
onfocusin,frame
onfocusin,frameset
onfocusin,h1
onfocusin,head
onfocusin,header
onfocusin,hgroup
onfocusin,hr
onfocusin,html
onfocusin,i
onfocusin,iframe
onfocusin,iframe2
onfocusin,image
onfocusin,img
onfocusin,input
onfocusin,input2
onfocusin,input3
onfocusin,input4
onfocusin,ins
onfocusin,isindex
onfocusin,kbd
onfocusin,keygen
onfocusin,keygen
onfocusin,label
onfocusin,legend
onfocusin,li
onfocusin,link
onfocusin,listing
onfocusin,main
onfocusin,map
onfocusin,mark
onfocusin,marquee
onfocusin,menu
onfocusin,menuitem
onfocusin,meta
onfocusin,meter
onfocusin,multicol
onfocusin,nav
onfocusin,nextid
onfocusin,nobr
onfocusin,noembed
onfocusin,noframes
onfocusin,noscript
onfocusin,object
onfocusin,ol
onfocusin,optgroup
onfocusin,option
onfocusin,output
onfocusin,p
onfocusin,param
onfocusin,picture
onfocusin,plaintext
onfocusin,pre
onfocusin,progress
onfocusin,q
onfocusin,rb
onfocusin,rp
onfocusin,rt
onfocusin,rtc
onfocusin,ruby
onfocusin,s
onfocusin,samp
onfocusin,script
onfocusin,section
onfocusin,select
onfocusin,shadow
onfocusin,slot
onfocusin,small
onfocusin,source
onfocusin,spacer
onfocusin,span
onfocusin,strike
onfocusin,strong
onfocusin,style
onfocusin,sub
onfocusin,summary
onfocusin,sup
onfocusin,svg
onfocusin,table
onfocusin,tbody
onfocusin,td
onfocusin,template
onfocusin,textarea
onfocusin,tfoot
onfocusin,th
onfocusin,thead
onfocusin,time
onfocusin,title
onfocusin,tr
onfocusin,track
onfocusin,tt
onfocusin,u
onfocusin,ul
onfocusin,var
onfocusin,video
onfocusin,video2
onfocusin,wbr
onfocusin,xmp
onfocusout,a
onfocusout,abbr
onfocusout,acronym
onfocusout,address
onfocusout,applet
onfocusout,area
onfocusout,article
onfocusout,aside
onfocusout,audio
onfocusout,b
onfocusout,base
onfocusout,basefont
onfocusout,bdi
onfocusout,bdo
onfocusout,bgsound
onfocusout,big
onfocusout,blink
onfocusout,blockquote
onfocusout,body
onfocusout,br
onfocusout,button
onfocusout,canvas
onfocusout,caption
onfocusout,center
onfocusout,cite
onfocusout,code
onfocusout,col
onfocusout,colgroup
onfocusout,command
onfocusout,content
onfocusout,data
onfocusout,datalist
onfocusout,dd
onfocusout,del
onfocusout,details
onfocusout,dfn
onfocusout,dialog
onfocusout,dir
onfocusout,div
onfocusout,dl
onfocusout,dt
onfocusout,element
onfocusout,em
onfocusout,embed
onfocusout,fieldset
onfocusout,figcaption
onfocusout,figure
onfocusout,font
onfocusout,footer
onfocusout,form
onfocusout,frame
onfocusout,frameset
onfocusout,h1
onfocusout,head
onfocusout,header
onfocusout,hgroup
onfocusout,hr
onfocusout,html
onfocusout,i
onfocusout,iframe
onfocusout,image
onfocusout,img
onfocusout,input
onfocusout,ins
onfocusout,isindex
onfocusout,kbd
onfocusout,keygen
onfocusout,label
onfocusout,legend
onfocusout,li
onfocusout,link
onfocusout,listing
onfocusout,main
onfocusout,map
onfocusout,mark
onfocusout,marquee
onfocusout,menu
onfocusout,menuitem
onfocusout,meta
onfocusout,meter
onfocusout,multicol
onfocusout,nav
onfocusout,nextid
onfocusout,nobr
onfocusout,noembed
onfocusout,noframes
onfocusout,noscript
onfocusout,object
onfocusout,ol
onfocusout,optgroup
onfocusout,option
onfocusout,output
onfocusout,p
onfocusout,param
onfocusout,picture
onfocusout,plaintext
onfocusout,pre
onfocusout,progress
onfocusout,q
onfocusout,rb
onfocusout,rp
onfocusout,rt
onfocusout,rtc
onfocusout,ruby
onfocusout,s
onfocusout,samp
onfocusout,script
onfocusout,section
onfocusout,select
onfocusout,shadow
onfocusout,slot
onfocusout,small
onfocusout,source
onfocusout,spacer
onfocusout,span
onfocusout,strike
onfocusout,strong
onfocusout,style
onfocusout,sub
onfocusout,summary
onfocusout,sup
onfocusout,svg
onfocusout,table
onfocusout,tbody
onfocusout,td
onfocusout,template
onfocusout,textarea
onfocusout,tfoot
onfocusout,th
onfocusout,thead
onfocusout,time
onfocusout,title
onfocusout,tr
onfocusout,track
onfocusout,tt
onfocusout,u
onfocusout,ul
onfocusout,var
onfocusout,video
onfocusout,wbr
onfocusout,xmp
onhashchange,body
onload,body
onload,embed
onload,frame
onload,iframe
onload,image
onload,image2
onload,image3
onload,img
onload,img2
onload,img2
onload,input
onload,isindex
onload,link
onload,object
onload,script
onload,style
onload,svg
onload,track
onloadeddata,audio
onloadeddata,video
onloadedmetadata,audio
onloadedmetadata,video
onloadend,image
onloadend,image2
onloadend,img
onloadend,img2
onloadend,input
onloadstart,image
onloadstart,image2
onloadstart,img
onloadstart,img2
onloadstart,input
onmessage,body
onpageshow,body
onpageshow,frameset
onplay,audio
onplay,video
onplaying,audio
onplaying,video
onpopstate,body
onprogress,audio
onprogress,video
onreadystatechange,applet
onreadystatechange,iframe
onreadystatechange,link
onreadystatechange,object
onreadystatechange,script
onreadystatechange,style
onrepeat,animate
onrepeat,animatemotion
onrepeat,animatetransform
onrepeat,set
onresize,body
onscroll,body
onstart,marquee
ontimeupdate,audio
ontimeupdate,video
ontoggle,details
ontransitioncancel,a
ontransitioncancel,abbr
ontransitioncancel,acronym
ontransitioncancel,address
ontransitioncancel,applet
ontransitioncancel,area
ontransitioncancel,article
ontransitioncancel,aside
ontransitioncancel,audio
ontransitioncancel,b
ontransitioncancel,base
ontransitioncancel,basefont
ontransitioncancel,bdi
ontransitioncancel,bdo
ontransitioncancel,bgsound
ontransitioncancel,big
ontransitioncancel,blink
ontransitioncancel,blockquote
ontransitioncancel,body
ontransitioncancel,br
ontransitioncancel,button
ontransitioncancel,canvas
ontransitioncancel,caption
ontransitioncancel,center
ontransitioncancel,cite
ontransitioncancel,code
ontransitioncancel,col
ontransitioncancel,colgroup
ontransitioncancel,command
ontransitioncancel,content
ontransitioncancel,data
ontransitioncancel,datalist
ontransitioncancel,dd
ontransitioncancel,del
ontransitioncancel,details
ontransitioncancel,dfn
ontransitioncancel,dialog
ontransitioncancel,dir
ontransitioncancel,div
ontransitioncancel,dl
ontransitioncancel,dt
ontransitioncancel,element
ontransitioncancel,em
ontransitioncancel,embed
ontransitioncancel,fieldset
ontransitioncancel,figcaption
ontransitioncancel,figure
ontransitioncancel,font
ontransitioncancel,footer
ontransitioncancel,form
ontransitioncancel,frame
ontransitioncancel,frameset
ontransitioncancel,h1
ontransitioncancel,head
ontransitioncancel,header
ontransitioncancel,hgroup
ontransitioncancel,hr
ontransitioncancel,html
ontransitioncancel,i
ontransitioncancel,iframe
ontransitioncancel,image
ontransitioncancel,img
ontransitioncancel,input
ontransitioncancel,ins
ontransitioncancel,isindex
ontransitioncancel,kbd
ontransitioncancel,keygen
ontransitioncancel,label
ontransitioncancel,legend
ontransitioncancel,li
ontransitioncancel,link
ontransitioncancel,listing
ontransitioncancel,main
ontransitioncancel,map
ontransitioncancel,mark
ontransitioncancel,marquee
ontransitioncancel,menu
ontransitioncancel,menuitem
ontransitioncancel,meta
ontransitioncancel,meter
ontransitioncancel,multicol
ontransitioncancel,nav
ontransitioncancel,nextid
ontransitioncancel,nobr
ontransitioncancel,noembed
ontransitioncancel,noframes
ontransitioncancel,noscript
ontransitioncancel,object
ontransitioncancel,ol
ontransitioncancel,optgroup
ontransitioncancel,option
ontransitioncancel,output
ontransitioncancel,p
ontransitioncancel,param
ontransitioncancel,picture
ontransitioncancel,plaintext
ontransitioncancel,pre
ontransitioncancel,progress
ontransitioncancel,q
ontransitioncancel,rb
ontransitioncancel,rp
ontransitioncancel,rt
ontransitioncancel,rtc
ontransitioncancel,ruby
ontransitioncancel,s
ontransitioncancel,samp
ontransitioncancel,script
ontransitioncancel,section
ontransitioncancel,select
ontransitioncancel,shadow
ontransitioncancel,slot
ontransitioncancel,small
ontransitioncancel,source
ontransitioncancel,spacer
ontransitioncancel,span
ontransitioncancel,strike
ontransitioncancel,strong
ontransitioncancel,style
ontransitioncancel,sub
ontransitioncancel,summary
ontransitioncancel,sup
ontransitioncancel,svg
ontransitioncancel,table
ontransitioncancel,tbody
ontransitioncancel,td
ontransitioncancel,template
ontransitioncancel,textarea
ontransitioncancel,tfoot
ontransitioncancel,th
ontransitioncancel,thead
ontransitioncancel,time
ontransitioncancel,title
ontransitioncancel,tr
ontransitioncancel,track
ontransitioncancel,tt
ontransitioncancel,u
ontransitioncancel,ul
ontransitioncancel,var
ontransitioncancel,video
ontransitioncancel,wbr
ontransitioncancel,xmp
ontransitionend,a
ontransitionend,abbr
ontransitionend,acronym
ontransitionend,address
ontransitionend,applet
ontransitionend,area
ontransitionend,article
ontransitionend,aside
ontransitionend,audio
ontransitionend,b
ontransitionend,base
ontransitionend,basefont
ontransitionend,bdi
ontransitionend,bdo
ontransitionend,bgsound
ontransitionend,big
ontransitionend,blink
ontransitionend,blockquote
ontransitionend,body
ontransitionend,br
ontransitionend,button
ontransitionend,canvas
ontransitionend,caption
ontransitionend,center
ontransitionend,cite
ontransitionend,code
ontransitionend,col
ontransitionend,colgroup
ontransitionend,command
ontransitionend,content
ontransitionend,data
ontransitionend,datalist
ontransitionend,dd
ontransitionend,del
ontransitionend,details
ontransitionend,dfn
ontransitionend,dialog
ontransitionend,dir
ontransitionend,div
ontransitionend,dl
ontransitionend,dt
ontransitionend,element
ontransitionend,em
ontransitionend,embed
ontransitionend,fieldset
ontransitionend,figcaption
ontransitionend,figure
ontransitionend,font
ontransitionend,footer
ontransitionend,form
ontransitionend,frame
ontransitionend,frameset
ontransitionend,h1
ontransitionend,head
ontransitionend,header
ontransitionend,hgroup
ontransitionend,hr
ontransitionend,html
ontransitionend,i
ontransitionend,iframe
ontransitionend,image
ontransitionend,img
ontransitionend,input
ontransitionend,ins
ontransitionend,isindex
ontransitionend,kbd
ontransitionend,keygen
ontransitionend,label
ontransitionend,legend
ontransitionend,li
ontransitionend,link
ontransitionend,listing
ontransitionend,main
ontransitionend,map
ontransitionend,mark
ontransitionend,marquee
ontransitionend,menu
ontransitionend,menuitem
ontransitionend,meta
ontransitionend,meter
ontransitionend,multicol
ontransitionend,nav
ontransitionend,nextid
ontransitionend,nobr
ontransitionend,noembed
ontransitionend,noframes
ontransitionend,noscript
ontransitionend,object
ontransitionend,ol
ontransitionend,optgroup
ontransitionend,option
ontransitionend,output
ontransitionend,p
ontransitionend,param
ontransitionend,picture
ontransitionend,plaintext
ontransitionend,pre
ontransitionend,progress
ontransitionend,q
ontransitionend,rb
ontransitionend,rp
ontransitionend,rt
ontransitionend,rtc
ontransitionend,ruby
ontransitionend,s
ontransitionend,samp
ontransitionend,script
ontransitionend,section
ontransitionend,select
ontransitionend,shadow
ontransitionend,slot
ontransitionend,small
ontransitionend,source
ontransitionend,spacer
ontransitionend,span
ontransitionend,strike
ontransitionend,strong
ontransitionend,style
ontransitionend,sub
ontransitionend,summary
ontransitionend,sup
ontransitionend,svg
ontransitionend,table
ontransitionend,tbody
ontransitionend,td
ontransitionend,template
ontransitionend,textarea
ontransitionend,tfoot
ontransitionend,th
ontransitionend,thead
ontransitionend,time
ontransitionend,title
ontransitionend,tr
ontransitionend,track
ontransitionend,tt
ontransitionend,u
ontransitionend,ul
ontransitionend,var
ontransitionend,video
ontransitionend,wbr
ontransitionend,xmp
ontransitionrun,a
ontransitionrun,abbr
ontransitionrun,acronym
ontransitionrun,address
ontransitionrun,applet
ontransitionrun,area
ontransitionrun,article
ontransitionrun,aside
ontransitionrun,audio
ontransitionrun,b
ontransitionrun,base
ontransitionrun,basefont
ontransitionrun,bdi
ontransitionrun,bdo
ontransitionrun,bgsound
ontransitionrun,big
ontransitionrun,blink
ontransitionrun,blockquote
ontransitionrun,body
ontransitionrun,br
ontransitionrun,button
ontransitionrun,canvas
ontransitionrun,caption
ontransitionrun,center
ontransitionrun,cite
ontransitionrun,code
ontransitionrun,col
ontransitionrun,colgroup
ontransitionrun,command
ontransitionrun,content
ontransitionrun,data
ontransitionrun,datalist
ontransitionrun,dd
ontransitionrun,del
ontransitionrun,details
ontransitionrun,dfn
ontransitionrun,dialog
ontransitionrun,dir
ontransitionrun,div
ontransitionrun,dl
ontransitionrun,dt
ontransitionrun,element
ontransitionrun,em
ontransitionrun,embed
ontransitionrun,fieldset
ontransitionrun,figcaption
ontransitionrun,figure
ontransitionrun,font
ontransitionrun,footer
ontransitionrun,form
ontransitionrun,frame
ontransitionrun,frameset
ontransitionrun,h1
ontransitionrun,head
ontransitionrun,header
ontransitionrun,hgroup
ontransitionrun,hr
ontransitionrun,html
ontransitionrun,i
ontransitionrun,iframe
ontransitionrun,image
ontransitionrun,img
ontransitionrun,input
ontransitionrun,ins
ontransitionrun,isindex
ontransitionrun,kbd
ontransitionrun,keygen
ontransitionrun,label
ontransitionrun,legend
ontransitionrun,li
ontransitionrun,link
ontransitionrun,listing
ontransitionrun,main
ontransitionrun,map
ontransitionrun,mark
ontransitionrun,marquee
ontransitionrun,menu
ontransitionrun,menuitem
ontransitionrun,meta
ontransitionrun,meter
ontransitionrun,multicol
ontransitionrun,nav
ontransitionrun,nextid
ontransitionrun,nobr
ontransitionrun,noembed
ontransitionrun,noframes
ontransitionrun,noscript
ontransitionrun,object
ontransitionrun,ol
ontransitionrun,optgroup
ontransitionrun,option
ontransitionrun,output
ontransitionrun,p
ontransitionrun,param
ontransitionrun,picture
ontransitionrun,plaintext
ontransitionrun,pre
ontransitionrun,progress
ontransitionrun,q
ontransitionrun,rb
ontransitionrun,rp
ontransitionrun,rt
ontransitionrun,rtc
ontransitionrun,ruby
ontransitionrun,s
ontransitionrun,samp
ontransitionrun,script
ontransitionrun,section
ontransitionrun,select
ontransitionrun,shadow
ontransitionrun,slot
ontransitionrun,small
ontransitionrun,source
ontransitionrun,spacer
ontransitionrun,span
ontransitionrun,strike
ontransitionrun,strong
ontransitionrun,style
ontransitionrun,sub
ontransitionrun,summary
ontransitionrun,sup
ontransitionrun,svg
ontransitionrun,table
ontransitionrun,tbody
ontransitionrun,td
ontransitionrun,template
ontransitionrun,textarea
ontransitionrun,tfoot
ontransitionrun,th
ontransitionrun,thead
ontransitionrun,time
ontransitionrun,title
ontransitionrun,tr
ontransitionrun,track
ontransitionrun,tt
ontransitionrun,u
ontransitionrun,ul
ontransitionrun,var
ontransitionrun,video
ontransitionrun,wbr
ontransitionrun,xmp
ontransitionstart,a
ontransitionstart,abbr
ontransitionstart,acronym
ontransitionstart,address
ontransitionstart,applet
ontransitionstart,area
ontransitionstart,article
ontransitionstart,aside
ontransitionstart,audio
ontransitionstart,b
ontransitionstart,base
ontransitionstart,basefont
ontransitionstart,bdi
ontransitionstart,bdo
ontransitionstart,bgsound
ontransitionstart,big
ontransitionstart,blink
ontransitionstart,blockquote
ontransitionstart,body
ontransitionstart,br
ontransitionstart,button
ontransitionstart,canvas
ontransitionstart,caption
ontransitionstart,center
ontransitionstart,cite
ontransitionstart,code
ontransitionstart,col
ontransitionstart,colgroup
ontransitionstart,command
ontransitionstart,content
ontransitionstart,data
ontransitionstart,datalist
ontransitionstart,dd
ontransitionstart,del
ontransitionstart,details
ontransitionstart,dfn
ontransitionstart,dialog
ontransitionstart,dir
ontransitionstart,div
ontransitionstart,dl
ontransitionstart,dt
ontransitionstart,element
ontransitionstart,em
ontransitionstart,embed
ontransitionstart,fieldset
ontransitionstart,figcaption
ontransitionstart,figure
ontransitionstart,font
ontransitionstart,footer
ontransitionstart,form
ontransitionstart,frame
ontransitionstart,frameset
ontransitionstart,h1
ontransitionstart,head
ontransitionstart,header
ontransitionstart,hgroup
ontransitionstart,hr
ontransitionstart,html
ontransitionstart,i
ontransitionstart,iframe
ontransitionstart,image
ontransitionstart,img
ontransitionstart,input
ontransitionstart,ins
ontransitionstart,isindex
ontransitionstart,kbd
ontransitionstart,keygen
ontransitionstart,label
ontransitionstart,legend
ontransitionstart,li
ontransitionstart,link
ontransitionstart,listing
ontransitionstart,main
ontransitionstart,map
ontransitionstart,mark
ontransitionstart,marquee
ontransitionstart,menu
ontransitionstart,menuitem
ontransitionstart,meta
ontransitionstart,meter
ontransitionstart,multicol
ontransitionstart,nav
ontransitionstart,nextid
ontransitionstart,nobr
ontransitionstart,noembed
ontransitionstart,noframes
ontransitionstart,noscript
ontransitionstart,object
ontransitionstart,ol
ontransitionstart,optgroup
ontransitionstart,option
ontransitionstart,output
ontransitionstart,p
ontransitionstart,param
ontransitionstart,picture
ontransitionstart,plaintext
ontransitionstart,pre
ontransitionstart,progress
ontransitionstart,q
ontransitionstart,rb
ontransitionstart,rp
ontransitionstart,rt
ontransitionstart,rtc
ontransitionstart,ruby
ontransitionstart,s
ontransitionstart,samp
ontransitionstart,script
ontransitionstart,section
ontransitionstart,select
ontransitionstart,shadow
ontransitionstart,slot
ontransitionstart,small
ontransitionstart,source
ontransitionstart,spacer
ontransitionstart,span
ontransitionstart,strike
ontransitionstart,strong
ontransitionstart,style
ontransitionstart,sub
ontransitionstart,summary
ontransitionstart,sup
ontransitionstart,svg
ontransitionstart,table
ontransitionstart,tbody
ontransitionstart,td
ontransitionstart,template
ontransitionstart,textarea
ontransitionstart,tfoot
ontransitionstart,th
ontransitionstart,thead
ontransitionstart,time
ontransitionstart,title
ontransitionstart,tr
ontransitionstart,track
ontransitionstart,tt
ontransitionstart,u
ontransitionstart,ul
ontransitionstart,var
ontransitionstart,video
ontransitionstart,wbr
ontransitionstart,xmp
onunhandledrejection,body
onunload,body
onunload,svg
onwaiting,video
onwebkitanimationend,a
onwebkitanimationend,abbr
onwebkitanimationend,acronym
onwebkitanimationend,address
onwebkitanimationend,applet
onwebkitanimationend,area
onwebkitanimationend,article
onwebkitanimationend,aside
onwebkitanimationend,audio
onwebkitanimationend,b
onwebkitanimationend,base
onwebkitanimationend,basefont
onwebkitanimationend,bdi
onwebkitanimationend,bdo
onwebkitanimationend,bgsound
onwebkitanimationend,big
onwebkitanimationend,blink
onwebkitanimationend,blockquote
onwebkitanimationend,body
onwebkitanimationend,br
onwebkitanimationend,button
onwebkitanimationend,canvas
onwebkitanimationend,caption
onwebkitanimationend,center
onwebkitanimationend,cite
onwebkitanimationend,code
onwebkitanimationend,col
onwebkitanimationend,colgroup
onwebkitanimationend,command
onwebkitanimationend,content
onwebkitanimationend,data
onwebkitanimationend,datalist
onwebkitanimationend,dd
onwebkitanimationend,del
onwebkitanimationend,details
onwebkitanimationend,dfn
onwebkitanimationend,dialog
onwebkitanimationend,dir
onwebkitanimationend,div
onwebkitanimationend,dl
onwebkitanimationend,dt
onwebkitanimationend,element
onwebkitanimationend,em
onwebkitanimationend,embed
onwebkitanimationend,fieldset
onwebkitanimationend,figcaption
onwebkitanimationend,figure
onwebkitanimationend,font
onwebkitanimationend,footer
onwebkitanimationend,form
onwebkitanimationend,frame
onwebkitanimationend,frameset
onwebkitanimationend,h1
onwebkitanimationend,head
onwebkitanimationend,header
onwebkitanimationend,hgroup
onwebkitanimationend,hr
onwebkitanimationend,html
onwebkitanimationend,i
onwebkitanimationend,iframe
onwebkitanimationend,image
onwebkitanimationend,img
onwebkitanimationend,input
onwebkitanimationend,ins
onwebkitanimationend,isindex
onwebkitanimationend,kbd
onwebkitanimationend,keygen
onwebkitanimationend,label
onwebkitanimationend,legend
onwebkitanimationend,li
onwebkitanimationend,link
onwebkitanimationend,listing
onwebkitanimationend,main
onwebkitanimationend,map
onwebkitanimationend,mark
onwebkitanimationend,marquee
onwebkitanimationend,menu
onwebkitanimationend,menuitem
onwebkitanimationend,meta
onwebkitanimationend,meter
onwebkitanimationend,multicol
onwebkitanimationend,nav
onwebkitanimationend,nextid
onwebkitanimationend,nobr
onwebkitanimationend,noembed
onwebkitanimationend,noframes
onwebkitanimationend,noscript
onwebkitanimationend,object
onwebkitanimationend,ol
onwebkitanimationend,optgroup
onwebkitanimationend,option
onwebkitanimationend,output
onwebkitanimationend,p
onwebkitanimationend,param
onwebkitanimationend,picture
onwebkitanimationend,plaintext
onwebkitanimationend,pre
onwebkitanimationend,progress
onwebkitanimationend,q
onwebkitanimationend,rb
onwebkitanimationend,rp
onwebkitanimationend,rt
onwebkitanimationend,rtc
onwebkitanimationend,ruby
onwebkitanimationend,s
onwebkitanimationend,samp
onwebkitanimationend,script
onwebkitanimationend,section
onwebkitanimationend,select
onwebkitanimationend,shadow
onwebkitanimationend,slot
onwebkitanimationend,small
onwebkitanimationend,source
onwebkitanimationend,spacer
onwebkitanimationend,span
onwebkitanimationend,strike
onwebkitanimationend,strong
onwebkitanimationend,style
onwebkitanimationend,sub
onwebkitanimationend,summary
onwebkitanimationend,sup
onwebkitanimationend,svg
onwebkitanimationend,table
onwebkitanimationend,tbody
onwebkitanimationend,td
onwebkitanimationend,template
onwebkitanimationend,textarea
onwebkitanimationend,tfoot
onwebkitanimationend,th
onwebkitanimationend,thead
onwebkitanimationend,time
onwebkitanimationend,title
onwebkitanimationend,tr
onwebkitanimationend,track
onwebkitanimationend,tt
onwebkitanimationend,u
onwebkitanimationend,ul
onwebkitanimationend,var
onwebkitanimationend,video
onwebkitanimationend,wbr
onwebkitanimationend,xmp
onwebkitanimationiteration,a
onwebkitanimationiteration,abbr
onwebkitanimationiteration,acronym
onwebkitanimationiteration,address
onwebkitanimationiteration,applet
onwebkitanimationiteration,area
onwebkitanimationiteration,article
onwebkitanimationiteration,aside
onwebkitanimationiteration,audio
onwebkitanimationiteration,b
onwebkitanimationiteration,base
onwebkitanimationiteration,basefont
onwebkitanimationiteration,bdi
onwebkitanimationiteration,bdo
onwebkitanimationiteration,bgsound
onwebkitanimationiteration,big
onwebkitanimationiteration,blink
onwebkitanimationiteration,blockquote
onwebkitanimationiteration,body
onwebkitanimationiteration,br
onwebkitanimationiteration,button
onwebkitanimationiteration,canvas
onwebkitanimationiteration,caption
onwebkitanimationiteration,center
onwebkitanimationiteration,cite
onwebkitanimationiteration,code
onwebkitanimationiteration,col
onwebkitanimationiteration,colgroup
onwebkitanimationiteration,command
onwebkitanimationiteration,content
onwebkitanimationiteration,data
onwebkitanimationiteration,datalist
onwebkitanimationiteration,dd
onwebkitanimationiteration,del
onwebkitanimationiteration,details
onwebkitanimationiteration,dfn
onwebkitanimationiteration,dialog
onwebkitanimationiteration,dir
onwebkitanimationiteration,div
onwebkitanimationiteration,dl
onwebkitanimationiteration,dt
onwebkitanimationiteration,element
onwebkitanimationiteration,em
onwebkitanimationiteration,embed
onwebkitanimationiteration,fieldset
onwebkitanimationiteration,figcaption
onwebkitanimationiteration,figure
onwebkitanimationiteration,font
onwebkitanimationiteration,footer
onwebkitanimationiteration,form
onwebkitanimationiteration,frame
onwebkitanimationiteration,frameset
onwebkitanimationiteration,h1
onwebkitanimationiteration,head
onwebkitanimationiteration,header
onwebkitanimationiteration,hgroup
onwebkitanimationiteration,hr
onwebkitanimationiteration,html
onwebkitanimationiteration,i
onwebkitanimationiteration,iframe
onwebkitanimationiteration,image
onwebkitanimationiteration,img
onwebkitanimationiteration,input
onwebkitanimationiteration,ins
onwebkitanimationiteration,isindex
onwebkitanimationiteration,kbd
onwebkitanimationiteration,keygen
onwebkitanimationiteration,label
onwebkitanimationiteration,legend
onwebkitanimationiteration,li
onwebkitanimationiteration,link
onwebkitanimationiteration,listing
onwebkitanimationiteration,main
onwebkitanimationiteration,map
onwebkitanimationiteration,mark
onwebkitanimationiteration,marquee
onwebkitanimationiteration,menu
onwebkitanimationiteration,menuitem
onwebkitanimationiteration,meta
onwebkitanimationiteration,meter
onwebkitanimationiteration,multicol
onwebkitanimationiteration,nav
onwebkitanimationiteration,nextid
onwebkitanimationiteration,nobr
onwebkitanimationiteration,noembed
onwebkitanimationiteration,noframes
onwebkitanimationiteration,noscript
onwebkitanimationiteration,object
onwebkitanimationiteration,ol
onwebkitanimationiteration,optgroup
onwebkitanimationiteration,option
onwebkitanimationiteration,output
onwebkitanimationiteration,p
onwebkitanimationiteration,param
onwebkitanimationiteration,picture
onwebkitanimationiteration,plaintext
onwebkitanimationiteration,pre
onwebkitanimationiteration,progress
onwebkitanimationiteration,q
onwebkitanimationiteration,rb
onwebkitanimationiteration,rp
onwebkitanimationiteration,rt
onwebkitanimationiteration,rtc
onwebkitanimationiteration,ruby
onwebkitanimationiteration,s
onwebkitanimationiteration,samp
onwebkitanimationiteration,script
onwebkitanimationiteration,section
onwebkitanimationiteration,select
onwebkitanimationiteration,shadow
onwebkitanimationiteration,slot
onwebkitanimationiteration,small
onwebkitanimationiteration,source
onwebkitanimationiteration,spacer
onwebkitanimationiteration,span
onwebkitanimationiteration,strike
onwebkitanimationiteration,strong
onwebkitanimationiteration,style
onwebkitanimationiteration,sub
onwebkitanimationiteration,summary
onwebkitanimationiteration,sup
onwebkitanimationiteration,svg
onwebkitanimationiteration,table
onwebkitanimationiteration,tbody
onwebkitanimationiteration,td
onwebkitanimationiteration,template
onwebkitanimationiteration,textarea
onwebkitanimationiteration,tfoot
onwebkitanimationiteration,th
onwebkitanimationiteration,thead
onwebkitanimationiteration,time
onwebkitanimationiteration,title
onwebkitanimationiteration,tr
onwebkitanimationiteration,track
onwebkitanimationiteration,tt
onwebkitanimationiteration,u
onwebkitanimationiteration,ul
onwebkitanimationiteration,var
onwebkitanimationiteration,video
onwebkitanimationiteration,wbr
onwebkitanimationiteration,xmp
onwebkitanimationstart,a
onwebkitanimationstart,abbr
onwebkitanimationstart,acronym
onwebkitanimationstart,address
onwebkitanimationstart,applet
onwebkitanimationstart,area
onwebkitanimationstart,article
onwebkitanimationstart,aside
onwebkitanimationstart,audio
onwebkitanimationstart,b
onwebkitanimationstart,base
onwebkitanimationstart,basefont
onwebkitanimationstart,bdi
onwebkitanimationstart,bdo
onwebkitanimationstart,bgsound
onwebkitanimationstart,big
onwebkitanimationstart,blink
onwebkitanimationstart,blockquote
onwebkitanimationstart,body
onwebkitanimationstart,br
onwebkitanimationstart,button
onwebkitanimationstart,canvas
onwebkitanimationstart,caption
onwebkitanimationstart,center
onwebkitanimationstart,cite
onwebkitanimationstart,code
onwebkitanimationstart,col
onwebkitanimationstart,colgroup
onwebkitanimationstart,command
onwebkitanimationstart,content
onwebkitanimationstart,data
onwebkitanimationstart,datalist
onwebkitanimationstart,dd
onwebkitanimationstart,del
onwebkitanimationstart,details
onwebkitanimationstart,dfn
onwebkitanimationstart,dialog
onwebkitanimationstart,dir
onwebkitanimationstart,div
onwebkitanimationstart,dl
onwebkitanimationstart,dt
onwebkitanimationstart,element
onwebkitanimationstart,em
onwebkitanimationstart,embed
onwebkitanimationstart,fieldset
onwebkitanimationstart,figcaption
onwebkitanimationstart,figure
onwebkitanimationstart,font
onwebkitanimationstart,footer
onwebkitanimationstart,form
onwebkitanimationstart,frame
onwebkitanimationstart,frameset
onwebkitanimationstart,h1
onwebkitanimationstart,head
onwebkitanimationstart,header
onwebkitanimationstart,hgroup
onwebkitanimationstart,hr
onwebkitanimationstart,html
onwebkitanimationstart,i
onwebkitanimationstart,iframe
onwebkitanimationstart,image
onwebkitanimationstart,img
onwebkitanimationstart,input
onwebkitanimationstart,ins
onwebkitanimationstart,isindex
onwebkitanimationstart,kbd
onwebkitanimationstart,keygen
onwebkitanimationstart,label
onwebkitanimationstart,legend
onwebkitanimationstart,li
onwebkitanimationstart,link
onwebkitanimationstart,listing
onwebkitanimationstart,main
onwebkitanimationstart,map
onwebkitanimationstart,mark
onwebkitanimationstart,marquee
onwebkitanimationstart,menu
onwebkitanimationstart,menuitem
onwebkitanimationstart,meta
onwebkitanimationstart,meter
onwebkitanimationstart,multicol
onwebkitanimationstart,nav
onwebkitanimationstart,nextid
onwebkitanimationstart,nobr
onwebkitanimationstart,noembed
onwebkitanimationstart,noframes
onwebkitanimationstart,noscript
onwebkitanimationstart,object
onwebkitanimationstart,ol
onwebkitanimationstart,optgroup
onwebkitanimationstart,option
onwebkitanimationstart,output
onwebkitanimationstart,p
onwebkitanimationstart,param
onwebkitanimationstart,picture
onwebkitanimationstart,plaintext
onwebkitanimationstart,pre
onwebkitanimationstart,progress
onwebkitanimationstart,q
onwebkitanimationstart,rb
onwebkitanimationstart,rp
onwebkitanimationstart,rt
onwebkitanimationstart,rtc
onwebkitanimationstart,ruby
onwebkitanimationstart,s
onwebkitanimationstart,samp
onwebkitanimationstart,script
onwebkitanimationstart,section
onwebkitanimationstart,select
onwebkitanimationstart,shadow
onwebkitanimationstart,slot
onwebkitanimationstart,small
onwebkitanimationstart,source
onwebkitanimationstart,spacer
onwebkitanimationstart,span
onwebkitanimationstart,strike
onwebkitanimationstart,strong
onwebkitanimationstart,style
onwebkitanimationstart,sub
onwebkitanimationstart,summary
onwebkitanimationstart,sup
onwebkitanimationstart,svg
onwebkitanimationstart,table
onwebkitanimationstart,tbody
onwebkitanimationstart,td
onwebkitanimationstart,template
onwebkitanimationstart,textarea
onwebkitanimationstart,tfoot
onwebkitanimationstart,th
onwebkitanimationstart,thead
onwebkitanimationstart,time
onwebkitanimationstart,title
onwebkitanimationstart,tr
onwebkitanimationstart,track
onwebkitanimationstart,tt
onwebkitanimationstart,u
onwebkitanimationstart,ul
onwebkitanimationstart,var
onwebkitanimationstart,video
onwebkitanimationstart,wbr
onwebkitanimationstart,xmp
onwebkittransitionend,a
onwebkittransitionend,abbr
onwebkittransitionend,acronym
onwebkittransitionend,address
onwebkittransitionend,applet
onwebkittransitionend,area
onwebkittransitionend,article
onwebkittransitionend,aside
onwebkittransitionend,audio
onwebkittransitionend,b
onwebkittransitionend,base
onwebkittransitionend,basefont
onwebkittransitionend,bdi
onwebkittransitionend,bdo
onwebkittransitionend,bgsound
onwebkittransitionend,big
onwebkittransitionend,blink
onwebkittransitionend,blockquote
onwebkittransitionend,body
onwebkittransitionend,br
onwebkittransitionend,button
onwebkittransitionend,canvas
onwebkittransitionend,caption
onwebkittransitionend,center
onwebkittransitionend,cite
onwebkittransitionend,code
onwebkittransitionend,col
onwebkittransitionend,colgroup
onwebkittransitionend,command
onwebkittransitionend,content
onwebkittransitionend,data
onwebkittransitionend,datalist
onwebkittransitionend,dd
onwebkittransitionend,del
onwebkittransitionend,details
onwebkittransitionend,dfn
onwebkittransitionend,dialog
onwebkittransitionend,dir
onwebkittransitionend,div
onwebkittransitionend,dl
onwebkittransitionend,dt
onwebkittransitionend,element
onwebkittransitionend,em
onwebkittransitionend,embed
onwebkittransitionend,fieldset
onwebkittransitionend,figcaption
onwebkittransitionend,figure
onwebkittransitionend,font
onwebkittransitionend,footer
onwebkittransitionend,form
onwebkittransitionend,frame
onwebkittransitionend,frameset
onwebkittransitionend,h1
onwebkittransitionend,head
onwebkittransitionend,header
onwebkittransitionend,hgroup
onwebkittransitionend,hr
onwebkittransitionend,html
onwebkittransitionend,i
onwebkittransitionend,iframe
onwebkittransitionend,image
onwebkittransitionend,img
onwebkittransitionend,input
onwebkittransitionend,ins
onwebkittransitionend,isindex
onwebkittransitionend,kbd
onwebkittransitionend,keygen
onwebkittransitionend,label
onwebkittransitionend,legend
onwebkittransitionend,li
onwebkittransitionend,link
onwebkittransitionend,listing
onwebkittransitionend,main
onwebkittransitionend,map
onwebkittransitionend,mark
onwebkittransitionend,marquee
onwebkittransitionend,menu
onwebkittransitionend,menuitem
onwebkittransitionend,meta
onwebkittransitionend,meter
onwebkittransitionend,multicol
onwebkittransitionend,nav
onwebkittransitionend,nextid
onwebkittransitionend,nobr
onwebkittransitionend,noembed
onwebkittransitionend,noframes
onwebkittransitionend,noscript
onwebkittransitionend,object
onwebkittransitionend,ol
onwebkittransitionend,optgroup
onwebkittransitionend,option
onwebkittransitionend,output
onwebkittransitionend,p
onwebkittransitionend,param
onwebkittransitionend,picture
onwebkittransitionend,plaintext
onwebkittransitionend,pre
onwebkittransitionend,progress
onwebkittransitionend,q
onwebkittransitionend,rb
onwebkittransitionend,rp
onwebkittransitionend,rt
onwebkittransitionend,rtc
onwebkittransitionend,ruby
onwebkittransitionend,s
onwebkittransitionend,samp
onwebkittransitionend,script
onwebkittransitionend,section
onwebkittransitionend,select
onwebkittransitionend,shadow
onwebkittransitionend,slot
onwebkittransitionend,small
onwebkittransitionend,source
onwebkittransitionend,spacer
onwebkittransitionend,span
onwebkittransitionend,strike
onwebkittransitionend,strong
onwebkittransitionend,style
onwebkittransitionend,sub
onwebkittransitionend,summary
onwebkittransitionend,sup
onwebkittransitionend,svg
onwebkittransitionend,table
onwebkittransitionend,tbody
onwebkittransitionend,td
onwebkittransitionend,template
onwebkittransitionend,textarea
onwebkittransitionend,tfoot
onwebkittransitionend,th
onwebkittransitionend,thead
onwebkittransitionend,time
onwebkittransitionend,title
onwebkittransitionend,tr
onwebkittransitionend,track
onwebkittransitionend,tt
onwebkittransitionend,u
onwebkittransitionend,ul
onwebkittransitionend,var
onwebkittransitionend,video
onwebkittransitionend,wbr
onwebkittransitionend,xmp
