onauxclick,input
onauxclick,textarea
onbeforecopy,a
onbeforecopy,abbr
onbeforecopy,acronym
onbeforecopy,address
onbeforecopy,applet
onbeforecopy,area
onbeforecopy,article
onbeforecopy,aside
onbeforecopy,audio
onbeforecopy,b
onbeforecopy,base
onbeforecopy,basefont
onbeforecopy,bdi
onbeforecopy,bdo
onbeforecopy,bgsound
onbeforecopy,big
onbeforecopy,blink
onbeforecopy,blockquote
onbeforecopy,body
onbeforecopy,br
onbeforecopy,button
onbeforecopy,canvas
onbeforecopy,caption
onbeforecopy,center
onbeforecopy,cite
onbeforecopy,code
onbeforecopy,col
onbeforecopy,colgroup
onbeforecopy,command
onbeforecopy,content
onbeforecopy,data
onbeforecopy,datalist
onbeforecopy,dd
onbeforecopy,del
onbeforecopy,details
onbeforecopy,dfn
onbeforecopy,dialog
onbeforecopy,dir
onbeforecopy,div
onbeforecopy,dl
onbeforecopy,dt
onbeforecopy,element
onbeforecopy,em
onbeforecopy,embed
onbeforecopy,fieldset
onbeforecopy,figcaption
onbeforecopy,figure
onbeforecopy,font
onbeforecopy,footer
onbeforecopy,form
onbeforecopy,frame
onbeforecopy,frameset
onbeforecopy,h1
onbeforecopy,head
onbeforecopy,header
onbeforecopy,hgroup
onbeforecopy,hr
onbeforecopy,html
onbeforecopy,i
onbeforecopy,iframe
onbeforecopy,image
onbeforecopy,img
onbeforecopy,input
onbeforecopy,ins
onbeforecopy,isindex
onbeforecopy,kbd
onbeforecopy,keygen
onbeforecopy,label
onbeforecopy,legend
onbeforecopy,li
onbeforecopy,link
onbeforecopy,listing
onbeforecopy,main
onbeforecopy,map
onbeforecopy,mark
onbeforecopy,marquee
onbeforecopy,menu
onbeforecopy,menuitem
onbeforecopy,meta
onbeforecopy,meter
onbeforecopy,multicol
onbeforecopy,nav
onbeforecopy,nextid
onbeforecopy,nobr
onbeforecopy,noembed
onbeforecopy,noframes
onbeforecopy,noscript
onbeforecopy,object
onbeforecopy,ol
onbeforecopy,optgroup
onbeforecopy,option
onbeforecopy,output
onbeforecopy,p
onbeforecopy,param
onbeforecopy,picture
onbeforecopy,plaintext
onbeforecopy,pre
onbeforecopy,progress
onbeforecopy,q
onbeforecopy,rb
onbeforecopy,rp
onbeforecopy,rt
onbeforecopy,rtc
onbeforecopy,ruby
onbeforecopy,s
onbeforecopy,samp
onbeforecopy,script
onbeforecopy,section
onbeforecopy,select
onbeforecopy,shadow
onbeforecopy,slot
onbeforecopy,small
onbeforecopy,source
onbeforecopy,spacer
onbeforecopy,span
onbeforecopy,strike
onbeforecopy,strong
onbeforecopy,style
onbeforecopy,sub
onbeforecopy,summary
onbeforecopy,sup
onbeforecopy,svg
onbeforecopy,table
onbeforecopy,tbody
onbeforecopy,td
onbeforecopy,template
onbeforecopy,textarea
onbeforecopy,tfoot
onbeforecopy,th
onbeforecopy,thead
onbeforecopy,time
onbeforecopy,title
onbeforecopy,tr
onbeforecopy,track
onbeforecopy,tt
onbeforecopy,u
onbeforecopy,ul
onbeforecopy,var
onbeforecopy,video
onbeforecopy,wbr
onbeforecopy,xmp
onbeforecut,a
onbeforecut,abbr
onbeforecut,acronym
onbeforecut,address
onbeforecut,applet
onbeforecut,area
onbeforecut,article
onbeforecut,aside
onbeforecut,audio
onbeforecut,b
onbeforecut,base
onbeforecut,basefont
onbeforecut,bdi
onbeforecut,bdo
onbeforecut,bgsound
onbeforecut,big
onbeforecut,blink
onbeforecut,blockquote
onbeforecut,body
onbeforecut,br
onbeforecut,button
onbeforecut,canvas
onbeforecut,caption
onbeforecut,center
onbeforecut,cite
onbeforecut,code
onbeforecut,col
onbeforecut,colgroup
onbeforecut,command
onbeforecut,content
onbeforecut,data
onbeforecut,datalist
onbeforecut,dd
onbeforecut,del
onbeforecut,details
onbeforecut,dfn
onbeforecut,dialog
onbeforecut,dir
onbeforecut,div
onbeforecut,dl
onbeforecut,dt
onbeforecut,element
onbeforecut,em
onbeforecut,embed
onbeforecut,fieldset
onbeforecut,figcaption
onbeforecut,figure
onbeforecut,font
onbeforecut,footer
onbeforecut,form
onbeforecut,frame
onbeforecut,frameset
onbeforecut,h1
onbeforecut,head
onbeforecut,header
onbeforecut,hgroup
onbeforecut,hr
onbeforecut,html
onbeforecut,i
onbeforecut,iframe
onbeforecut,image
onbeforecut,img
onbeforecut,input
onbeforecut,ins
onbeforecut,isindex
onbeforecut,kbd
onbeforecut,keygen
onbeforecut,label
onbeforecut,legend
onbeforecut,li
onbeforecut,link
onbeforecut,listing
onbeforecut,main
onbeforecut,map
onbeforecut,mark
onbeforecut,marquee
onbeforecut,menu
onbeforecut,menuitem
onbeforecut,meta
onbeforecut,meter
onbeforecut,multicol
onbeforecut,nav
onbeforecut,nextid
onbeforecut,nobr
onbeforecut,noembed
onbeforecut,noframes
onbeforecut,noscript
onbeforecut,object
onbeforecut,ol
onbeforecut,optgroup
onbeforecut,option
onbeforecut,output
onbeforecut,p
onbeforecut,param
onbeforecut,picture
onbeforecut,plaintext
onbeforecut,pre
onbeforecut,progress
onbeforecut,q
onbeforecut,rb
onbeforecut,rp
onbeforecut,rt
onbeforecut,rtc
onbeforecut,ruby
onbeforecut,s
onbeforecut,samp
onbeforecut,script
onbeforecut,section
onbeforecut,select
onbeforecut,shadow
onbeforecut,slot
onbeforecut,small
onbeforecut,source
onbeforecut,spacer
onbeforecut,span
onbeforecut,strike
onbeforecut,strong
onbeforecut,style
onbeforecut,sub
onbeforecut,summary
onbeforecut,sup
onbeforecut,svg
onbeforecut,table
onbeforecut,tbody
onbeforecut,td
onbeforecut,template
onbeforecut,textarea
onbeforecut,tfoot
onbeforecut,th
onbeforecut,thead
onbeforecut,time
onbeforecut,title
onbeforecut,tr
onbeforecut,track
onbeforecut,tt
onbeforecut,u
onbeforecut,ul
onbeforecut,var
onbeforecut,video
onbeforecut,wbr
onbeforecut,xmp
onbeforepaste,a
onbeforepaste,abbr
onbeforepaste,acronym
onbeforepaste,address
onbeforepaste,applet
onbeforepaste,area
onbeforepaste,article
onbeforepaste,aside
onbeforepaste,audio
onbeforepaste,b
onbeforepaste,base
onbeforepaste,basefont
onbeforepaste,bdi
onbeforepaste,bdo
onbeforepaste,bgsound
onbeforepaste,big
onbeforepaste,blink
onbeforepaste,blockquote
onbeforepaste,body
onbeforepaste,br
onbeforepaste,button
onbeforepaste,canvas
onbeforepaste,caption
onbeforepaste,center
onbeforepaste,cite
onbeforepaste,code
onbeforepaste,col
onbeforepaste,colgroup
onbeforepaste,command
onbeforepaste,content
onbeforepaste,data
onbeforepaste,datalist
onbeforepaste,dd
onbeforepaste,del
onbeforepaste,details
onbeforepaste,dfn
onbeforepaste,dialog
onbeforepaste,dir
onbeforepaste,div
onbeforepaste,dl
onbeforepaste,dt
onbeforepaste,element
onbeforepaste,em
onbeforepaste,embed
onbeforepaste,fieldset
onbeforepaste,figcaption
onbeforepaste,figure
onbeforepaste,font
onbeforepaste,footer
onbeforepaste,form
onbeforepaste,frame
onbeforepaste,frameset
onbeforepaste,h1
onbeforepaste,head
onbeforepaste,header
onbeforepaste,hgroup
onbeforepaste,hr
onbeforepaste,html
onbeforepaste,i
onbeforepaste,iframe
onbeforepaste,image
onbeforepaste,img
onbeforepaste,input
onbeforepaste,ins
onbeforepaste,isindex
onbeforepaste,kbd
onbeforepaste,keygen
onbeforepaste,label
onbeforepaste,legend
onbeforepaste,li
onbeforepaste,link
onbeforepaste,listing
onbeforepaste,main
onbeforepaste,map
onbeforepaste,mark
onbeforepaste,marquee
onbeforepaste,menu
onbeforepaste,menuitem
onbeforepaste,meta
onbeforepaste,meter
onbeforepaste,multicol
onbeforepaste,nav
onbeforepaste,nextid
onbeforepaste,nobr
onbeforepaste,noembed
onbeforepaste,noframes
onbeforepaste,noscript
onbeforepaste,object
onbeforepaste,ol
onbeforepaste,optgroup
onbeforepaste,option
onbeforepaste,output
onbeforepaste,p
onbeforepaste,param
onbeforepaste,picture
onbeforepaste,plaintext
onbeforepaste,pre
onbeforepaste,progress
onbeforepaste,q
onbeforepaste,rb
onbeforepaste,rp
onbeforepaste,rt
onbeforepaste,rtc
onbeforepaste,ruby
onbeforepaste,s
onbeforepaste,samp
onbeforepaste,script
onbeforepaste,section
onbeforepaste,select
onbeforepaste,shadow
onbeforepaste,slot
onbeforepaste,small
onbeforepaste,source
onbeforepaste,spacer
onbeforepaste,span
onbeforepaste,strike
onbeforepaste,strong
onbeforepaste,style
onbeforepaste,sub
onbeforepaste,summary
onbeforepaste,sup
onbeforepaste,svg
onbeforepaste,table
onbeforepaste,tbody
onbeforepaste,td
onbeforepaste,template
onbeforepaste,textarea
onbeforepaste,tfoot
onbeforepaste,th
onbeforepaste,thead
onbeforepaste,time
onbeforepaste,title
onbeforepaste,tr
onbeforepaste,track
onbeforepaste,tt
onbeforepaste,u
onbeforepaste,ul
onbeforepaste,var
onbeforepaste,video
onbeforepaste,wbr
onbeforepaste,xmp
onchange,input
onchange,select
onchange,textarea
onclick,a
onclick,abbr
onclick,acronym
onclick,address
onclick,applet
onclick,area
onclick,article
onclick,aside
onclick,audio
onclick,b
onclick,base
onclick,basefont
onclick,bdi
onclick,bdo
onclick,bgsound
onclick,big
onclick,blink
onclick,blockquote
onclick,body
onclick,br
onclick,button
onclick,canvas
onclick,caption
onclick,center
onclick,cite
onclick,code
onclick,col
onclick,colgroup
onclick,command
onclick,content
onclick,data
onclick,datalist
onclick,dd
onclick,del
onclick,details
onclick,dfn
onclick,dialog
onclick,dir
onclick,div
onclick,dl
onclick,dt
onclick,element
onclick,em
onclick,embed
onclick,fieldset
onclick,figcaption
onclick,figure
onclick,font
onclick,footer
onclick,form
onclick,frame
onclick,frameset
onclick,h1
onclick,head
onclick,header
onclick,hgroup
onclick,hr
onclick,html
onclick,i
onclick,iframe
onclick,image
onclick,img
onclick,input
onclick,ins
onclick,isindex
onclick,kbd
onclick,keygen
onclick,label
onclick,legend
onclick,li
onclick,link
onclick,listing
onclick,main
onclick,map
onclick,mark
onclick,marquee
onclick,menu
onclick,menuitem
onclick,meta
onclick,meter
onclick,multicol
onclick,nav
onclick,nextid
onclick,nobr
onclick,noembed
onclick,noframes
onclick,noscript
onclick,object
onclick,ol
onclick,optgroup
onclick,option
onclick,output
onclick,p
onclick,param
onclick,picture
onclick,plaintext
onclick,pre
onclick,progress
onclick,q
onclick,rb
onclick,rp
onclick,rt
onclick,rtc
onclick,ruby
onclick,s
onclick,samp
onclick,script
onclick,section
onclick,select
onclick,shadow
onclick,slot
onclick,small
onclick,source
onclick,spacer
onclick,span
onclick,strike
onclick,strong
onclick,style
onclick,sub
onclick,summary
onclick,sup
onclick,svg
onclick,table
onclick,tbody
onclick,td
onclick,template
onclick,textarea
onclick,tfoot
onclick,th
onclick,thead
onclick,time
onclick,title
onclick,tr
onclick,track
onclick,tt
onclick,u
onclick,ul
onclick,var
onclick,video
onclick,wbr
onclick,xmp
onclose,dialog
oncontextmenu,a
oncontextmenu,abbr
oncontextmenu,acronym
oncontextmenu,address
oncontextmenu,applet
oncontextmenu,area
oncontextmenu,article
oncontextmenu,aside
oncontextmenu,audio
oncontextmenu,b
oncontextmenu,base
oncontextmenu,basefont
oncontextmenu,bdi
oncontextmenu,bdo
oncontextmenu,bgsound
oncontextmenu,big
oncontextmenu,blink
oncontextmenu,blockquote
oncontextmenu,body
oncontextmenu,br
oncontextmenu,button
oncontextmenu,canvas
oncontextmenu,caption
oncontextmenu,center
oncontextmenu,cite
oncontextmenu,code
oncontextmenu,col
oncontextmenu,colgroup
oncontextmenu,command
oncontextmenu,content
oncontextmenu,data
oncontextmenu,datalist
oncontextmenu,dd
oncontextmenu,del
oncontextmenu,details
oncontextmenu,dfn
oncontextmenu,dialog
oncontextmenu,dir
oncontextmenu,div
oncontextmenu,dl
oncontextmenu,dt
oncontextmenu,element
oncontextmenu,em
oncontextmenu,embed
oncontextmenu,fieldset
oncontextmenu,figcaption
oncontextmenu,figure
oncontextmenu,font
oncontextmenu,footer
oncontextmenu,form
oncontextmenu,frame
oncontextmenu,frameset
oncontextmenu,h1
oncontextmenu,head
oncontextmenu,header
oncontextmenu,hgroup
oncontextmenu,hr
oncontextmenu,html
oncontextmenu,i
oncontextmenu,iframe
oncontextmenu,image
oncontextmenu,img
oncontextmenu,input
oncontextmenu,ins
oncontextmenu,isindex
oncontextmenu,kbd
oncontextmenu,keygen
oncontextmenu,label
oncontextmenu,legend
oncontextmenu,li
oncontextmenu,link
oncontextmenu,listing
oncontextmenu,main
oncontextmenu,map
oncontextmenu,mark
oncontextmenu,marquee
oncontextmenu,menu
oncontextmenu,menuitem
oncontextmenu,meta
oncontextmenu,meter
oncontextmenu,multicol
oncontextmenu,nav
oncontextmenu,nextid
oncontextmenu,nobr
oncontextmenu,noembed
oncontextmenu,noframes
oncontextmenu,noscript
oncontextmenu,object
oncontextmenu,ol
oncontextmenu,optgroup
oncontextmenu,option
oncontextmenu,output
oncontextmenu,p
oncontextmenu,param
oncontextmenu,picture
oncontextmenu,plaintext
oncontextmenu,pre
oncontextmenu,progress
oncontextmenu,q
oncontextmenu,rb
oncontextmenu,rp
oncontextmenu,rt
oncontextmenu,rtc
oncontextmenu,ruby
oncontextmenu,s
oncontextmenu,samp
oncontextmenu,script
oncontextmenu,section
oncontextmenu,select
oncontextmenu,shadow
oncontextmenu,slot
oncontextmenu,small
oncontextmenu,source
oncontextmenu,spacer
oncontextmenu,span
oncontextmenu,strike
oncontextmenu,strong
oncontextmenu,style
oncontextmenu,sub
oncontextmenu,summary
oncontextmenu,sup
oncontextmenu,svg
oncontextmenu,table
oncontextmenu,tbody
oncontextmenu,td
oncontextmenu,template
oncontextmenu,textarea
oncontextmenu,tfoot
oncontextmenu,th
oncontextmenu,thead
oncontextmenu,time
oncontextmenu,title
oncontextmenu,tr
oncontextmenu,track
oncontextmenu,tt
oncontextmenu,u
oncontextmenu,ul
oncontextmenu,var
oncontextmenu,video
oncontextmenu,wbr
oncontextmenu,xmp
oncopy,a
oncopy,abbr
oncopy,acronym
oncopy,address
oncopy,applet
oncopy,area
oncopy,article
oncopy,aside
oncopy,audio
oncopy,b
oncopy,base
oncopy,basefont
oncopy,bdi
oncopy,bdo
oncopy,bgsound
oncopy,big
oncopy,blink
oncopy,blockquote
oncopy,body
oncopy,br
oncopy,button
oncopy,canvas
oncopy,caption
oncopy,center
oncopy,cite
oncopy,code
oncopy,col
oncopy,colgroup
oncopy,command
oncopy,content
oncopy,data
oncopy,datalist
oncopy,dd
oncopy,del
oncopy,details
oncopy,dfn
oncopy,dialog
oncopy,dir
oncopy,div
oncopy,dl
oncopy,dt
oncopy,element
oncopy,em
oncopy,embed
oncopy,fieldset
oncopy,figcaption
oncopy,figure
oncopy,font
oncopy,footer
oncopy,form
oncopy,frame
oncopy,frameset
oncopy,h1
oncopy,head
oncopy,header
oncopy,hgroup
oncopy,hr
oncopy,html
oncopy,i
oncopy,iframe
oncopy,image
oncopy,img
oncopy,input
oncopy,ins
oncopy,isindex
oncopy,kbd
oncopy,keygen
oncopy,label
oncopy,legend
oncopy,li
oncopy,link
oncopy,listing
oncopy,main
oncopy,map
oncopy,mark
oncopy,marquee
oncopy,menu
oncopy,menuitem
oncopy,meta
oncopy,meter
oncopy,multicol
oncopy,nav
oncopy,nextid
oncopy,nobr
oncopy,noembed
oncopy,noframes
oncopy,noscript
oncopy,object
oncopy,ol
oncopy,optgroup
oncopy,option
oncopy,output
oncopy,p
oncopy,param
oncopy,picture
oncopy,plaintext
oncopy,pre
oncopy,progress
oncopy,q
oncopy,rb
oncopy,rp
oncopy,rt
oncopy,rtc
oncopy,ruby
oncopy,s
oncopy,samp
oncopy,script
oncopy,section
oncopy,select
oncopy,shadow
oncopy,slot
oncopy,small
oncopy,source
oncopy,spacer
oncopy,span
oncopy,strike
oncopy,strong
oncopy,style
oncopy,sub
oncopy,summary
oncopy,sup
oncopy,svg
oncopy,table
oncopy,tbody
oncopy,td
oncopy,template
oncopy,textarea
oncopy,tfoot
oncopy,th
oncopy,thead
oncopy,time
oncopy,title
oncopy,tr
oncopy,track
oncopy,tt
oncopy,u
oncopy,ul
oncopy,var
oncopy,video
oncopy,wbr
oncopy,xmp
oncut,a
oncut,abbr
oncut,acronym
oncut,address
oncut,applet
oncut,area
oncut,article
oncut,aside
oncut,audio
oncut,b
oncut,base
oncut,basefont
oncut,bdi
oncut,bdo
oncut,bgsound
oncut,big
oncut,blink
oncut,blockquote
oncut,body
oncut,br
oncut,button
oncut,canvas
oncut,caption
oncut,center
oncut,cite
oncut,code
oncut,col
oncut,colgroup
oncut,command
oncut,content
oncut,data
oncut,datalist
oncut,dd
oncut,del
oncut,details
oncut,dfn
oncut,dialog
oncut,dir
oncut,div
oncut,dl
oncut,dt
oncut,element
oncut,em
oncut,embed
oncut,fieldset
oncut,figcaption
oncut,figure
oncut,font
oncut,footer
oncut,form
oncut,frame
oncut,frameset
oncut,h1
oncut,head
oncut,header
oncut,hgroup
oncut,hr
oncut,html
oncut,i
oncut,iframe
oncut,image
oncut,img
oncut,input
oncut,ins
oncut,isindex
oncut,kbd
oncut,keygen
oncut,label
oncut,legend
oncut,li
oncut,link
oncut,listing
oncut,main
oncut,map
oncut,mark
oncut,marquee
oncut,menu
oncut,menuitem
oncut,meta
oncut,meter
oncut,multicol
oncut,nav
oncut,nextid
oncut,nobr
oncut,noembed
oncut,noframes
oncut,noscript
oncut,object
oncut,ol
oncut,optgroup
oncut,option
oncut,output
oncut,p
oncut,param
oncut,picture
oncut,plaintext
oncut,pre
oncut,progress
oncut,q
oncut,rb
oncut,rp
oncut,rt
oncut,rtc
oncut,ruby
oncut,s
oncut,samp
oncut,script
oncut,section
oncut,select
oncut,shadow
oncut,slot
oncut,small
oncut,source
oncut,spacer
oncut,span
oncut,strike
oncut,strong
oncut,style
oncut,sub
oncut,summary
oncut,sup
oncut,svg
oncut,table
oncut,tbody
oncut,td
oncut,template
oncut,textarea
oncut,tfoot
oncut,th
oncut,thead
oncut,time
oncut,title
oncut,tr
oncut,track
oncut,tt
oncut,u
oncut,ul
oncut,var
oncut,video
oncut,wbr
oncut,xmp
ondblclick,a
ondblclick,abbr
ondblclick,acronym
ondblclick,address
ondblclick,applet
ondblclick,area
ondblclick,article
ondblclick,aside
ondblclick,audio
ondblclick,b
ondblclick,base
ondblclick,basefont
ondblclick,bdi
ondblclick,bdo
ondblclick,bgsound
ondblclick,big
ondblclick,blink
ondblclick,blockquote
ondblclick,body
ondblclick,br
ondblclick,button
ondblclick,canvas
ondblclick,caption
ondblclick,center
ondblclick,cite
ondblclick,code
ondblclick,col
ondblclick,colgroup
ondblclick,command
ondblclick,content
ondblclick,data
ondblclick,datalist
ondblclick,dd
ondblclick,del
ondblclick,details
ondblclick,dfn
ondblclick,dialog
ondblclick,dir
ondblclick,div
ondblclick,dl
ondblclick,dt
ondblclick,element
ondblclick,em
ondblclick,embed
ondblclick,fieldset
ondblclick,figcaption
ondblclick,figure
ondblclick,font
ondblclick,footer
ondblclick,form
ondblclick,frame
ondblclick,frameset
ondblclick,h1
ondblclick,head
ondblclick,header
ondblclick,hgroup
ondblclick,hr
ondblclick,html
ondblclick,i
ondblclick,iframe
ondblclick,image
ondblclick,img
ondblclick,input
ondblclick,ins
ondblclick,isindex
ondblclick,kbd
ondblclick,keygen
ondblclick,label
ondblclick,legend
ondblclick,li
ondblclick,link
ondblclick,listing
ondblclick,main
ondblclick,map
ondblclick,mark
ondblclick,marquee
ondblclick,menu
ondblclick,menuitem
ondblclick,meta
ondblclick,meter
ondblclick,multicol
ondblclick,nav
ondblclick,nextid
ondblclick,nobr
ondblclick,noembed
ondblclick,noframes
ondblclick,noscript
ondblclick,object
ondblclick,ol
ondblclick,optgroup
ondblclick,option
ondblclick,output
ondblclick,p
ondblclick,param
ondblclick,picture
ondblclick,plaintext
ondblclick,pre
ondblclick,progress
ondblclick,q
ondblclick,rb
ondblclick,rp
ondblclick,rt
ondblclick,rtc
ondblclick,ruby
ondblclick,s
ondblclick,samp
ondblclick,script
ondblclick,section
ondblclick,select
ondblclick,shadow
ondblclick,slot
ondblclick,small
ondblclick,source
ondblclick,spacer
ondblclick,span
ondblclick,strike
ondblclick,strong
ondblclick,style
ondblclick,sub
ondblclick,summary
ondblclick,sup
ondblclick,svg
ondblclick,table
ondblclick,tbody
ondblclick,td
ondblclick,template
ondblclick,textarea
ondblclick,tfoot
ondblclick,th
ondblclick,thead
ondblclick,time
ondblclick,title
ondblclick,tr
ondblclick,track
ondblclick,tt
ondblclick,u
ondblclick,ul
ondblclick,var
ondblclick,video
ondblclick,wbr
ondblclick,xmp
ondrag,a
ondrag,abbr
ondrag,acronym
ondrag,address
ondrag,applet
ondrag,area
ondrag,article
ondrag,aside
ondrag,audio
ondrag,b
ondrag,base
ondrag,basefont
ondrag,bdi
ondrag,bdo
ondrag,bgsound
ondrag,big
ondrag,blink
ondrag,blockquote
ondrag,body
ondrag,br
ondrag,button
ondrag,canvas
ondrag,caption
ondrag,center
ondrag,cite
ondrag,code
ondrag,col
ondrag,colgroup
ondrag,command
ondrag,content
ondrag,data
ondrag,datalist
ondrag,dd
ondrag,del
ondrag,details
ondrag,dfn
ondrag,dialog
ondrag,dir
ondrag,div
ondrag,dl
ondrag,dt
ondrag,element
ondrag,em
ondrag,embed
ondrag,fieldset
ondrag,figcaption
ondrag,figure
ondrag,font
ondrag,footer
ondrag,form
ondrag,frame
ondrag,frameset
ondrag,h1
ondrag,head
ondrag,header
ondrag,hgroup
ondrag,hr
ondrag,html
ondrag,i
ondrag,iframe
ondrag,image
ondrag,img
ondrag,input
ondrag,ins
ondrag,isindex
ondrag,kbd
ondrag,keygen
ondrag,label
ondrag,legend
ondrag,li
ondrag,link
ondrag,listing
ondrag,main
ondrag,map
ondrag,mark
ondrag,marquee
ondrag,menu
ondrag,menuitem
ondrag,meta
ondrag,meter
ondrag,multicol
ondrag,nav
ondrag,nextid
ondrag,nobr
ondrag,noembed
ondrag,noframes
ondrag,noscript
ondrag,object
ondrag,ol
ondrag,optgroup
ondrag,option
ondrag,output
ondrag,p
ondrag,param
ondrag,picture
ondrag,plaintext
ondrag,pre
ondrag,progress
ondrag,q
ondrag,rb
ondrag,rp
ondrag,rt
ondrag,rtc
ondrag,ruby
ondrag,s
ondrag,samp
ondrag,script
ondrag,section
ondrag,select
ondrag,shadow
ondrag,slot
ondrag,small
ondrag,source
ondrag,spacer
ondrag,span
ondrag,strike
ondrag,strong
ondrag,style
ondrag,sub
ondrag,summary
ondrag,sup
ondrag,svg
ondrag,table
ondrag,tbody
ondrag,td
ondrag,template
ondrag,textarea
ondrag,tfoot
ondrag,th
ondrag,thead
ondrag,time
ondrag,title
ondrag,tr
ondrag,track
ondrag,tt
ondrag,u
ondrag,ul
ondrag,var
ondrag,video
ondrag,wbr
ondrag,xmp
ondragend,a
ondragend,abbr
ondragend,acronym
ondragend,address
ondragend,applet
ondragend,area
ondragend,article
ondragend,aside
ondragend,audio
ondragend,b
ondragend,base
ondragend,basefont
ondragend,bdi
ondragend,bdo
ondragend,bgsound
ondragend,big
ondragend,blink
ondragend,blockquote
ondragend,body
ondragend,br
ondragend,button
ondragend,canvas
ondragend,caption
ondragend,center
ondragend,cite
ondragend,code
ondragend,col
ondragend,colgroup
ondragend,command
ondragend,content
ondragend,data
ondragend,datalist
ondragend,dd
ondragend,del
ondragend,details
ondragend,dfn
ondragend,dialog
ondragend,dir
ondragend,div
ondragend,dl
ondragend,dt
ondragend,element
ondragend,em
ondragend,embed
ondragend,fieldset
ondragend,figcaption
ondragend,figure
ondragend,font
ondragend,footer
ondragend,form
ondragend,frame
ondragend,frameset
ondragend,h1
ondragend,head
ondragend,header
ondragend,hgroup
ondragend,hr
ondragend,html
ondragend,i
ondragend,iframe
ondragend,image
ondragend,img
ondragend,input
ondragend,ins
ondragend,isindex
ondragend,kbd
ondragend,keygen
ondragend,label
ondragend,legend
ondragend,li
ondragend,link
ondragend,listing
ondragend,main
ondragend,map
ondragend,mark
ondragend,marquee
ondragend,menu
ondragend,menuitem
ondragend,meta
ondragend,meter
ondragend,multicol
ondragend,nav
ondragend,nextid
ondragend,nobr
ondragend,noembed
ondragend,noframes
ondragend,noscript
ondragend,object
ondragend,ol
ondragend,optgroup
ondragend,option
ondragend,output
ondragend,p
ondragend,param
ondragend,picture
ondragend,plaintext
ondragend,pre
ondragend,progress
ondragend,q
ondragend,rb
ondragend,rp
ondragend,rt
ondragend,rtc
ondragend,ruby
ondragend,s
ondragend,samp
ondragend,script
ondragend,section
ondragend,select
ondragend,shadow
ondragend,slot
ondragend,small
ondragend,source
ondragend,spacer
ondragend,span
ondragend,strike
ondragend,strong
ondragend,style
ondragend,sub
ondragend,summary
ondragend,sup
ondragend,svg
ondragend,table
ondragend,tbody
ondragend,td
ondragend,template
ondragend,textarea
ondragend,tfoot
ondragend,th
ondragend,thead
ondragend,time
ondragend,title
ondragend,tr
ondragend,track
ondragend,tt
ondragend,u
ondragend,ul
ondragend,var
ondragend,video
ondragend,wbr
ondragend,xmp
ondragenter,a
ondragenter,abbr
ondragenter,acronym
ondragenter,address
ondragenter,applet
ondragenter,area
ondragenter,article
ondragenter,aside
ondragenter,audio
ondragenter,b
ondragenter,base
ondragenter,basefont
ondragenter,bdi
ondragenter,bdo
ondragenter,bgsound
ondragenter,big
ondragenter,blink
ondragenter,blockquote
ondragenter,body
ondragenter,br
ondragenter,button
ondragenter,canvas
ondragenter,caption
ondragenter,center
ondragenter,cite
ondragenter,code
ondragenter,col
ondragenter,colgroup
ondragenter,command
ondragenter,content
ondragenter,data
ondragenter,datalist
ondragenter,dd
ondragenter,del
ondragenter,details
ondragenter,dfn
ondragenter,dialog
ondragenter,dir
ondragenter,div
ondragenter,dl
ondragenter,dt
ondragenter,element
ondragenter,em
ondragenter,embed
ondragenter,fieldset
ondragenter,figcaption
ondragenter,figure
ondragenter,font
ondragenter,footer
ondragenter,form
ondragenter,frame
ondragenter,frameset
ondragenter,h1
ondragenter,head
ondragenter,header
ondragenter,hgroup
ondragenter,hr
ondragenter,html
ondragenter,i
ondragenter,iframe
ondragenter,image
ondragenter,img
ondragenter,input
ondragenter,ins
ondragenter,isindex
ondragenter,kbd
ondragenter,keygen
ondragenter,label
ondragenter,legend
ondragenter,li
ondragenter,link
ondragenter,listing
ondragenter,main
ondragenter,map
ondragenter,mark
ondragenter,marquee
ondragenter,menu
ondragenter,menuitem
ondragenter,meta
ondragenter,meter
ondragenter,multicol
ondragenter,nav
ondragenter,nextid
ondragenter,nobr
ondragenter,noembed
ondragenter,noframes
ondragenter,noscript
ondragenter,object
ondragenter,ol
ondragenter,optgroup
ondragenter,option
ondragenter,output
ondragenter,p
ondragenter,param
ondragenter,picture
ondragenter,plaintext
ondragenter,pre
ondragenter,progress
ondragenter,q
ondragenter,rb
ondragenter,rp
ondragenter,rt
ondragenter,rtc
ondragenter,ruby
ondragenter,s
ondragenter,samp
ondragenter,script
ondragenter,section
ondragenter,select
ondragenter,shadow
ondragenter,slot
ondragenter,small
ondragenter,source
ondragenter,spacer
ondragenter,span
ondragenter,strike
ondragenter,strong
ondragenter,style
ondragenter,sub
ondragenter,summary
ondragenter,sup
ondragenter,svg
ondragenter,table
ondragenter,tbody
ondragenter,td
ondragenter,template
ondragenter,textarea
ondragenter,tfoot
ondragenter,th
ondragenter,thead
ondragenter,time
ondragenter,title
ondragenter,tr
ondragenter,track
ondragenter,tt
ondragenter,u
ondragenter,ul
ondragenter,var
ondragenter,video
ondragenter,wbr
ondragenter,xmp
ondragleave,a
ondragleave,abbr
ondragleave,acronym
ondragleave,address
ondragleave,applet
ondragleave,area
ondragleave,article
ondragleave,aside
ondragleave,audio
ondragleave,b
ondragleave,base
ondragleave,basefont
ondragleave,bdi
ondragleave,bdo
ondragleave,bgsound
ondragleave,big
ondragleave,blink
ondragleave,blockquote
ondragleave,body
ondragleave,br
ondragleave,button
ondragleave,canvas
ondragleave,caption
ondragleave,center
ondragleave,cite
ondragleave,code
ondragleave,col
ondragleave,colgroup
ondragleave,command
ondragleave,content
ondragleave,data
ondragleave,datalist
ondragleave,dd
ondragleave,del
ondragleave,details
ondragleave,dfn
ondragleave,dialog
ondragleave,dir
ondragleave,div
ondragleave,dl
ondragleave,dt
ondragleave,element
ondragleave,em
ondragleave,embed
ondragleave,fieldset
ondragleave,figcaption
ondragleave,figure
ondragleave,font
ondragleave,footer
ondragleave,form
ondragleave,frame
ondragleave,frameset
ondragleave,h1
ondragleave,head
ondragleave,header
ondragleave,hgroup
ondragleave,hr
ondragleave,html
ondragleave,i
ondragleave,iframe
ondragleave,image
ondragleave,img
ondragleave,input
ondragleave,ins
ondragleave,isindex
ondragleave,kbd
ondragleave,keygen
ondragleave,label
ondragleave,legend
ondragleave,li
ondragleave,link
ondragleave,listing
ondragleave,main
ondragleave,map
ondragleave,mark
ondragleave,marquee
ondragleave,menu
ondragleave,menuitem
ondragleave,meta
ondragleave,meter
ondragleave,multicol
ondragleave,nav
ondragleave,nextid
ondragleave,nobr
ondragleave,noembed
ondragleave,noframes
ondragleave,noscript
ondragleave,object
ondragleave,ol
ondragleave,optgroup
ondragleave,option
ondragleave,output
ondragleave,p
ondragleave,param
ondragleave,picture
ondragleave,plaintext
ondragleave,pre
ondragleave,progress
ondragleave,q
ondragleave,rb
ondragleave,rp
ondragleave,rt
ondragleave,rtc
ondragleave,ruby
ondragleave,s
ondragleave,samp
ondragleave,script
ondragleave,section
ondragleave,select
ondragleave,shadow
ondragleave,slot
ondragleave,small
ondragleave,source
ondragleave,spacer
ondragleave,span
ondragleave,strike
ondragleave,strong
ondragleave,style
ondragleave,sub
ondragleave,summary
ondragleave,sup
ondragleave,svg
ondragleave,table
ondragleave,tbody
ondragleave,td
ondragleave,template
ondragleave,textarea
ondragleave,tfoot
ondragleave,th
ondragleave,thead
ondragleave,time
ondragleave,title
ondragleave,tr
ondragleave,track
ondragleave,tt
ondragleave,u
ondragleave,ul
ondragleave,var
ondragleave,video
ondragleave,wbr
ondragleave,xmp
ondragover,a
ondragover,abbr
ondragover,acronym
ondragover,address
ondragover,applet
ondragover,area
ondragover,article
ondragover,aside
ondragover,audio
ondragover,b
ondragover,base
ondragover,basefont
ondragover,bdi
ondragover,bdo
ondragover,bgsound
ondragover,big
ondragover,blink
ondragover,blockquote
ondragover,body
ondragover,br
ondragover,button
ondragover,canvas
ondragover,caption
ondragover,center
ondragover,cite
ondragover,code
ondragover,col
ondragover,colgroup
ondragover,command
ondragover,content
ondragover,data
ondragover,datalist
ondragover,dd
ondragover,del
ondragover,details
ondragover,dfn
ondragover,dialog
ondragover,dir
ondragover,div
ondragover,dl
ondragover,dt
ondragover,element
ondragover,em
ondragover,embed
ondragover,fieldset
ondragover,figcaption
ondragover,figure
ondragover,font
ondragover,footer
ondragover,form
ondragover,frame
ondragover,frameset
ondragover,h1
ondragover,head
ondragover,header
ondragover,hgroup
ondragover,hr
ondragover,html
ondragover,i
ondragover,iframe
ondragover,image
ondragover,img
ondragover,input
ondragover,ins
ondragover,isindex
ondragover,kbd
ondragover,keygen
ondragover,label
ondragover,legend
ondragover,li
ondragover,link
ondragover,listing
ondragover,main
ondragover,map
ondragover,mark
ondragover,marquee
ondragover,menu
ondragover,menuitem
ondragover,meta
ondragover,meter
ondragover,multicol
ondragover,nav
ondragover,nextid
ondragover,nobr
ondragover,noembed
ondragover,noframes
ondragover,noscript
ondragover,object
ondragover,ol
ondragover,optgroup
ondragover,option
ondragover,output
ondragover,p
ondragover,param
ondragover,picture
ondragover,plaintext
ondragover,pre
ondragover,progress
ondragover,q
ondragover,rb
ondragover,rp
ondragover,rt
ondragover,rtc
ondragover,ruby
ondragover,s
ondragover,samp
ondragover,script
ondragover,section
ondragover,select
ondragover,shadow
ondragover,slot
ondragover,small
ondragover,source
ondragover,spacer
ondragover,span
ondragover,strike
ondragover,strong
ondragover,style
ondragover,sub
ondragover,summary
ondragover,sup
ondragover,svg
ondragover,table
ondragover,tbody
ondragover,td
ondragover,template
ondragover,textarea
ondragover,tfoot
ondragover,th
ondragover,thead
ondragover,time
ondragover,title
ondragover,tr
ondragover,track
ondragover,tt
ondragover,u
ondragover,ul
ondragover,var
ondragover,video
ondragover,wbr
ondragover,xmp
ondragstart,a
ondragstart,abbr
ondragstart,acronym
ondragstart,address
ondragstart,applet
ondragstart,area
ondragstart,article
ondragstart,aside
ondragstart,audio
ondragstart,b
ondragstart,base
ondragstart,basefont
ondragstart,bdi
ondragstart,bdo
ondragstart,bgsound
ondragstart,big
ondragstart,blink
ondragstart,blockquote
ondragstart,body
ondragstart,br
ondragstart,button
ondragstart,canvas
ondragstart,caption
ondragstart,center
ondragstart,cite
ondragstart,code
ondragstart,col
ondragstart,colgroup
ondragstart,command
ondragstart,content
ondragstart,data
ondragstart,datalist
ondragstart,dd
ondragstart,del
ondragstart,details
ondragstart,dfn
ondragstart,dialog
ondragstart,dir
ondragstart,div
ondragstart,dl
ondragstart,dt
ondragstart,element
ondragstart,em
ondragstart,embed
ondragstart,fieldset
ondragstart,figcaption
ondragstart,figure
ondragstart,font
ondragstart,footer
ondragstart,form
ondragstart,frame
ondragstart,frameset
ondragstart,h1
ondragstart,head
ondragstart,header
ondragstart,hgroup
ondragstart,hr
ondragstart,html
ondragstart,i
ondragstart,iframe
ondragstart,image
ondragstart,img
ondragstart,input
ondragstart,ins
ondragstart,isindex
ondragstart,kbd
ondragstart,keygen
ondragstart,label
ondragstart,legend
ondragstart,li
ondragstart,link
ondragstart,listing
ondragstart,main
ondragstart,map
ondragstart,mark
ondragstart,marquee
ondragstart,menu
ondragstart,menuitem
ondragstart,meta
ondragstart,meter
ondragstart,multicol
ondragstart,nav
ondragstart,nextid
ondragstart,nobr
ondragstart,noembed
ondragstart,noframes
ondragstart,noscript
ondragstart,object
ondragstart,ol
ondragstart,optgroup
ondragstart,option
ondragstart,output
ondragstart,p
ondragstart,param
ondragstart,picture
ondragstart,plaintext
ondragstart,pre
ondragstart,progress
ondragstart,q
ondragstart,rb
ondragstart,rp
ondragstart,rt
ondragstart,rtc
ondragstart,ruby
ondragstart,s
ondragstart,samp
ondragstart,script
ondragstart,section
ondragstart,select
ondragstart,shadow
ondragstart,slot
ondragstart,small
ondragstart,source
ondragstart,spacer
ondragstart,span
ondragstart,strike
ondragstart,strong
ondragstart,style
ondragstart,sub
ondragstart,summary
ondragstart,sup
ondragstart,svg
ondragstart,table
ondragstart,tbody
ondragstart,td
ondragstart,template
ondragstart,textarea
ondragstart,tfoot
ondragstart,th
ondragstart,thead
ondragstart,time
ondragstart,title
ondragstart,tr
ondragstart,track
ondragstart,tt
ondragstart,u
ondragstart,ul
ondragstart,var
ondragstart,video
ondragstart,wbr
ondragstart,xmp
ondrop,a
ondrop,abbr
ondrop,acronym
ondrop,address
ondrop,applet
ondrop,area
ondrop,article
ondrop,aside
ondrop,audio
ondrop,b
ondrop,base
ondrop,basefont
ondrop,bdi
ondrop,bdo
ondrop,bgsound
ondrop,big
ondrop,blink
ondrop,blockquote
ondrop,body
ondrop,br
ondrop,button
ondrop,canvas
ondrop,caption
ondrop,center
ondrop,cite
ondrop,code
ondrop,col
ondrop,colgroup
ondrop,command
ondrop,content
ondrop,data
ondrop,datalist
ondrop,dd
ondrop,del
ondrop,details
ondrop,dfn
ondrop,dialog
ondrop,dir
ondrop,div
ondrop,dl
ondrop,dt
ondrop,element
ondrop,em
ondrop,embed
ondrop,fieldset
ondrop,figcaption
ondrop,figure
ondrop,font
ondrop,footer
ondrop,form
ondrop,frame
ondrop,frameset
ondrop,h1
ondrop,head
ondrop,header
ondrop,hgroup
ondrop,hr
ondrop,html
ondrop,i
ondrop,iframe
ondrop,image
ondrop,img
ondrop,input
ondrop,ins
ondrop,isindex
ondrop,kbd
ondrop,keygen
ondrop,label
ondrop,legend
ondrop,li
ondrop,link
ondrop,listing
ondrop,main
ondrop,map
ondrop,mark
ondrop,marquee
ondrop,menu
ondrop,menuitem
ondrop,meta
ondrop,meter
ondrop,multicol
ondrop,nav
ondrop,nextid
ondrop,nobr
ondrop,noembed
ondrop,noframes
ondrop,noscript
ondrop,object
ondrop,ol
ondrop,optgroup
ondrop,option
ondrop,output
ondrop,p
ondrop,param
ondrop,picture
ondrop,plaintext
ondrop,pre
ondrop,progress
ondrop,q
ondrop,rb
ondrop,rp
ondrop,rt
ondrop,rtc
ondrop,ruby
ondrop,s
ondrop,samp
ondrop,script
ondrop,section
ondrop,select
ondrop,shadow
ondrop,slot
ondrop,small
ondrop,source
ondrop,spacer
ondrop,span
ondrop,strike
ondrop,strong
ondrop,style
ondrop,sub
ondrop,summary
ondrop,sup
ondrop,svg
ondrop,table
ondrop,tbody
ondrop,td
ondrop,template
ondrop,textarea
ondrop,tfoot
ondrop,th
ondrop,thead
ondrop,time
ondrop,title
ondrop,tr
ondrop,track
ondrop,tt
ondrop,u
ondrop,ul
ondrop,var
ondrop,video
ondrop,wbr
ondrop,xmp
onfullscreenchange,video
oninput,input
oninput,textarea
oninvalid,input
oninvalid,textarea
onkeydown,a
onkeydown,abbr
onkeydown,acronym
onkeydown,address
onkeydown,applet
onkeydown,area
onkeydown,article
onkeydown,aside
onkeydown,audio
onkeydown,b
onkeydown,base
onkeydown,basefont
onkeydown,bdi
onkeydown,bdo
onkeydown,bgsound
onkeydown,big
onkeydown,blink
onkeydown,blockquote
onkeydown,body
onkeydown,br
onkeydown,button
onkeydown,canvas
onkeydown,caption
onkeydown,center
onkeydown,cite
onkeydown,code
onkeydown,col
onkeydown,colgroup
onkeydown,command
onkeydown,content
onkeydown,data
onkeydown,datalist
onkeydown,dd
onkeydown,del
onkeydown,details
onkeydown,dfn
onkeydown,dialog
onkeydown,dir
onkeydown,div
onkeydown,dl
onkeydown,dt
onkeydown,element
onkeydown,em
onkeydown,embed
onkeydown,fieldset
onkeydown,figcaption
onkeydown,figure
onkeydown,font
onkeydown,footer
onkeydown,form
onkeydown,frame
onkeydown,frameset
onkeydown,h1
onkeydown,head
onkeydown,header
onkeydown,hgroup
onkeydown,hr
onkeydown,html
onkeydown,i
onkeydown,iframe
onkeydown,image
onkeydown,img
onkeydown,input
onkeydown,ins
onkeydown,isindex
onkeydown,kbd
onkeydown,keygen
onkeydown,label
onkeydown,legend
onkeydown,li
onkeydown,link
onkeydown,listing
onkeydown,main
onkeydown,map
onkeydown,mark
onkeydown,marquee
onkeydown,menu
onkeydown,menuitem
onkeydown,meta
onkeydown,meter
onkeydown,multicol
onkeydown,nav
onkeydown,nextid
onkeydown,nobr
onkeydown,noembed
onkeydown,noframes
onkeydown,noscript
onkeydown,object
onkeydown,ol
onkeydown,optgroup
onkeydown,option
onkeydown,output
onkeydown,p
onkeydown,param
onkeydown,picture
onkeydown,plaintext
onkeydown,pre
onkeydown,progress
onkeydown,q
onkeydown,rb
onkeydown,rp
onkeydown,rt
onkeydown,rtc
onkeydown,ruby
onkeydown,s
onkeydown,samp
onkeydown,script
onkeydown,section
onkeydown,select
onkeydown,shadow
onkeydown,slot
onkeydown,small
onkeydown,source
onkeydown,spacer
onkeydown,span
onkeydown,strike
onkeydown,strong
onkeydown,style
onkeydown,sub
onkeydown,summary
onkeydown,sup
onkeydown,svg
onkeydown,table
onkeydown,tbody
onkeydown,td
onkeydown,template
onkeydown,textarea
onkeydown,tfoot
onkeydown,th
onkeydown,thead
onkeydown,time
onkeydown,title
onkeydown,tr
onkeydown,track
onkeydown,tt
onkeydown,u
onkeydown,ul
onkeydown,var
onkeydown,video
onkeydown,wbr
onkeydown,xmp
onkeypress,a
onkeypress,abbr
onkeypress,acronym
onkeypress,address
onkeypress,applet
onkeypress,area
onkeypress,article
onkeypress,aside
onkeypress,audio
onkeypress,b
onkeypress,base
onkeypress,basefont
onkeypress,bdi
onkeypress,bdo
onkeypress,bgsound
onkeypress,big
onkeypress,blink
onkeypress,blockquote
onkeypress,body
onkeypress,br
onkeypress,button
onkeypress,canvas
onkeypress,caption
onkeypress,center
onkeypress,cite
onkeypress,code
onkeypress,col
onkeypress,colgroup
onkeypress,command
onkeypress,content
onkeypress,data
onkeypress,datalist
onkeypress,dd
onkeypress,del
onkeypress,details
onkeypress,dfn
onkeypress,dialog
onkeypress,dir
onkeypress,div
onkeypress,dl
onkeypress,dt
onkeypress,element
onkeypress,em
onkeypress,embed
onkeypress,fieldset
onkeypress,figcaption
onkeypress,figure
onkeypress,font
onkeypress,footer
onkeypress,form
onkeypress,frame
onkeypress,frameset
onkeypress,h1
onkeypress,head
onkeypress,header
onkeypress,hgroup
onkeypress,hr
onkeypress,html
onkeypress,i
onkeypress,iframe
onkeypress,image
onkeypress,img
onkeypress,input
onkeypress,ins
onkeypress,isindex
onkeypress,kbd
onkeypress,keygen
onkeypress,label
onkeypress,legend
onkeypress,li
onkeypress,link
onkeypress,listing
onkeypress,main
onkeypress,map
onkeypress,mark
onkeypress,marquee
onkeypress,menu
onkeypress,menuitem
onkeypress,meta
onkeypress,meter
onkeypress,multicol
onkeypress,nav
onkeypress,nextid
onkeypress,nobr
onkeypress,noembed
onkeypress,noframes
onkeypress,noscript
onkeypress,object
onkeypress,ol
onkeypress,optgroup
onkeypress,option
onkeypress,output
onkeypress,p
onkeypress,param
onkeypress,picture
onkeypress,plaintext
onkeypress,pre
onkeypress,progress
onkeypress,q
onkeypress,rb
onkeypress,rp
onkeypress,rt
onkeypress,rtc
onkeypress,ruby
onkeypress,s
onkeypress,samp
onkeypress,script
onkeypress,section
onkeypress,select
onkeypress,shadow
onkeypress,slot
onkeypress,small
onkeypress,source
onkeypress,spacer
onkeypress,span
onkeypress,strike
onkeypress,strong
onkeypress,style
onkeypress,sub
onkeypress,summary
onkeypress,sup
onkeypress,svg
onkeypress,table
onkeypress,tbody
onkeypress,td
onkeypress,template
onkeypress,textarea
onkeypress,tfoot
onkeypress,th
onkeypress,thead
onkeypress,time
onkeypress,title
onkeypress,tr
onkeypress,track
onkeypress,tt
onkeypress,u
onkeypress,ul
onkeypress,var
onkeypress,video
onkeypress,wbr
onkeypress,xmp
onkeyup,a
onkeyup,abbr
onkeyup,acronym
onkeyup,address
onkeyup,applet
onkeyup,area
onkeyup,article
onkeyup,aside
onkeyup,audio
onkeyup,b
onkeyup,base
onkeyup,basefont
onkeyup,bdi
onkeyup,bdo
onkeyup,bgsound
onkeyup,big
onkeyup,blink
onkeyup,blockquote
onkeyup,body
onkeyup,br
onkeyup,button
onkeyup,canvas
onkeyup,caption
onkeyup,center
onkeyup,cite
onkeyup,code
onkeyup,col
onkeyup,colgroup
onkeyup,command
onkeyup,content
onkeyup,data
onkeyup,datalist
onkeyup,dd
onkeyup,del
onkeyup,details
onkeyup,dfn
onkeyup,dialog
onkeyup,dir
onkeyup,div
onkeyup,dl
onkeyup,dt
onkeyup,element
onkeyup,em
onkeyup,embed
onkeyup,fieldset
onkeyup,figcaption
onkeyup,figure
onkeyup,font
onkeyup,footer
onkeyup,form
onkeyup,frame
onkeyup,frameset
onkeyup,h1
onkeyup,head
onkeyup,header
onkeyup,hgroup
onkeyup,hr
onkeyup,html
onkeyup,i
onkeyup,iframe
onkeyup,image
onkeyup,img
onkeyup,input
onkeyup,ins
onkeyup,isindex
onkeyup,kbd
onkeyup,keygen
onkeyup,label
onkeyup,legend
onkeyup,li
onkeyup,link
onkeyup,listing
onkeyup,main
onkeyup,map
onkeyup,mark
onkeyup,marquee
onkeyup,menu
onkeyup,menuitem
onkeyup,meta
onkeyup,meter
onkeyup,multicol
onkeyup,nav
onkeyup,nextid
onkeyup,nobr
onkeyup,noembed
onkeyup,noframes
onkeyup,noscript
onkeyup,object
onkeyup,ol
onkeyup,optgroup
onkeyup,option
onkeyup,output
onkeyup,p
onkeyup,param
onkeyup,picture
onkeyup,plaintext
onkeyup,pre
onkeyup,progress
onkeyup,q
onkeyup,rb
onkeyup,rp
onkeyup,rt
onkeyup,rtc
onkeyup,ruby
onkeyup,s
onkeyup,samp
onkeyup,script
onkeyup,section
onkeyup,select
onkeyup,shadow
onkeyup,slot
onkeyup,small
onkeyup,source
onkeyup,spacer
onkeyup,span
onkeyup,strike
onkeyup,strong
onkeyup,style
onkeyup,sub
onkeyup,summary
onkeyup,sup
onkeyup,svg
onkeyup,table
onkeyup,tbody
onkeyup,td
onkeyup,template
onkeyup,textarea
onkeyup,tfoot
onkeyup,th
onkeyup,thead
onkeyup,time
onkeyup,title
onkeyup,tr
onkeyup,track
onkeyup,tt
onkeyup,u
onkeyup,ul
onkeyup,var
onkeyup,video
onkeyup,wbr
onkeyup,xmp
onmousedown,a
onmousedown,abbr
onmousedown,acronym
onmousedown,address
onmousedown,applet
onmousedown,area
onmousedown,article
onmousedown,aside
onmousedown,audio
onmousedown,b
onmousedown,base
onmousedown,basefont
onmousedown,bdi
onmousedown,bdo
onmousedown,bgsound
onmousedown,big
onmousedown,blink
onmousedown,blockquote
onmousedown,body
onmousedown,br
onmousedown,button
onmousedown,canvas
onmousedown,caption
onmousedown,center
onmousedown,cite
onmousedown,code
onmousedown,col
onmousedown,colgroup
onmousedown,command
onmousedown,content
onmousedown,data
onmousedown,datalist
onmousedown,dd
onmousedown,del
onmousedown,details
onmousedown,dfn
onmousedown,dialog
onmousedown,dir
onmousedown,div
onmousedown,dl
onmousedown,dt
onmousedown,element
onmousedown,em
onmousedown,embed
onmousedown,fieldset
onmousedown,figcaption
onmousedown,figure
onmousedown,font
onmousedown,footer
onmousedown,form
onmousedown,frame
onmousedown,frameset
onmousedown,h1
onmousedown,head
onmousedown,header
onmousedown,hgroup
onmousedown,hr
onmousedown,html
onmousedown,i
onmousedown,iframe
onmousedown,image
onmousedown,img
onmousedown,input
onmousedown,ins
onmousedown,isindex
onmousedown,kbd
onmousedown,keygen
onmousedown,label
onmousedown,legend
onmousedown,li
onmousedown,link
onmousedown,listing
onmousedown,main
onmousedown,map
onmousedown,mark
onmousedown,marquee
onmousedown,menu
onmousedown,menuitem
onmousedown,meta
onmousedown,meter
onmousedown,multicol
onmousedown,nav
onmousedown,nextid
onmousedown,nobr
onmousedown,noembed
onmousedown,noframes
onmousedown,noscript
onmousedown,object
onmousedown,ol
onmousedown,optgroup
onmousedown,option
onmousedown,output
onmousedown,p
onmousedown,param
onmousedown,picture
onmousedown,plaintext
onmousedown,pre
onmousedown,progress
onmousedown,q
onmousedown,rb
onmousedown,rp
onmousedown,rt
onmousedown,rtc
onmousedown,ruby
onmousedown,s
onmousedown,samp
onmousedown,script
onmousedown,section
onmousedown,select
onmousedown,shadow
onmousedown,slot
onmousedown,small
onmousedown,source
onmousedown,spacer
onmousedown,span
onmousedown,strike
onmousedown,strong
onmousedown,style
onmousedown,sub
onmousedown,summary
onmousedown,sup
onmousedown,svg
onmousedown,table
onmousedown,tbody
onmousedown,td
onmousedown,template
onmousedown,textarea
onmousedown,tfoot
onmousedown,th
onmousedown,thead
onmousedown,time
onmousedown,title
onmousedown,tr
onmousedown,track
onmousedown,tt
onmousedown,u
onmousedown,ul
onmousedown,var
onmousedown,video
onmousedown,wbr
onmousedown,xmp
onmouseenter,a
onmouseenter,abbr
onmouseenter,acronym
onmouseenter,address
onmouseenter,applet
onmouseenter,area
onmouseenter,article
onmouseenter,aside
onmouseenter,audio
onmouseenter,b
onmouseenter,base
onmouseenter,basefont
onmouseenter,bdi
onmouseenter,bdo
onmouseenter,bgsound
onmouseenter,big
onmouseenter,blink
onmouseenter,blockquote
onmouseenter,body
onmouseenter,br
onmouseenter,button
onmouseenter,canvas
onmouseenter,caption
onmouseenter,center
onmouseenter,cite
onmouseenter,code
onmouseenter,col
onmouseenter,colgroup
onmouseenter,command
onmouseenter,content
onmouseenter,data
onmouseenter,datalist
onmouseenter,dd
onmouseenter,del
onmouseenter,details
onmouseenter,dfn
onmouseenter,dialog
onmouseenter,dir
onmouseenter,div
onmouseenter,dl
onmouseenter,dt
onmouseenter,element
onmouseenter,em
onmouseenter,embed
onmouseenter,fieldset
onmouseenter,figcaption
onmouseenter,figure
onmouseenter,font
onmouseenter,footer
onmouseenter,form
onmouseenter,frame
onmouseenter,frameset
onmouseenter,h1
onmouseenter,head
onmouseenter,header
onmouseenter,hgroup
onmouseenter,hr
onmouseenter,html
onmouseenter,i
onmouseenter,iframe
onmouseenter,image
onmouseenter,img
onmouseenter,input
onmouseenter,ins
onmouseenter,isindex
onmouseenter,kbd
onmouseenter,keygen
onmouseenter,label
onmouseenter,legend
onmouseenter,li
onmouseenter,link
onmouseenter,listing
onmouseenter,main
onmouseenter,map
onmouseenter,mark
onmouseenter,marquee
onmouseenter,menu
onmouseenter,menuitem
onmouseenter,meta
onmouseenter,meter
onmouseenter,multicol
onmouseenter,nav
onmouseenter,nextid
onmouseenter,nobr
onmouseenter,noembed
onmouseenter,noframes
onmouseenter,noscript
onmouseenter,object
onmouseenter,ol
onmouseenter,optgroup
onmouseenter,option
onmouseenter,output
onmouseenter,p
onmouseenter,param
onmouseenter,picture
onmouseenter,plaintext
onmouseenter,pre
onmouseenter,progress
onmouseenter,q
onmouseenter,rb
onmouseenter,rp
onmouseenter,rt
onmouseenter,rtc
onmouseenter,ruby
onmouseenter,s
onmouseenter,samp
onmouseenter,script
onmouseenter,section
onmouseenter,select
onmouseenter,shadow
onmouseenter,slot
onmouseenter,small
onmouseenter,source
onmouseenter,spacer
onmouseenter,span
onmouseenter,strike
onmouseenter,strong
onmouseenter,style
onmouseenter,sub
onmouseenter,summary
onmouseenter,sup
onmouseenter,svg
onmouseenter,table
onmouseenter,tbody
onmouseenter,td
onmouseenter,template
onmouseenter,textarea
onmouseenter,tfoot
onmouseenter,th
onmouseenter,thead
onmouseenter,time
onmouseenter,title
onmouseenter,tr
onmouseenter,track
onmouseenter,tt
onmouseenter,u
onmouseenter,ul
onmouseenter,var
onmouseenter,video
onmouseenter,wbr
onmouseenter,xmp
onmouseleave,a
onmouseleave,abbr
onmouseleave,acronym
onmouseleave,address
onmouseleave,applet
onmouseleave,area
onmouseleave,article
onmouseleave,aside
onmouseleave,audio
onmouseleave,b
onmouseleave,base
onmouseleave,basefont
onmouseleave,bdi
onmouseleave,bdo
onmouseleave,bgsound
onmouseleave,big
onmouseleave,blink
onmouseleave,blockquote
onmouseleave,body
onmouseleave,br
onmouseleave,button
onmouseleave,canvas
onmouseleave,caption
onmouseleave,center
onmouseleave,cite
onmouseleave,code
onmouseleave,col
onmouseleave,colgroup
onmouseleave,command
onmouseleave,content
onmouseleave,data
onmouseleave,datalist
onmouseleave,dd
onmouseleave,del
onmouseleave,details
onmouseleave,dfn
onmouseleave,dialog
onmouseleave,dir
onmouseleave,div
onmouseleave,dl
onmouseleave,dt
onmouseleave,element
onmouseleave,em
onmouseleave,embed
onmouseleave,fieldset
onmouseleave,figcaption
onmouseleave,figure
onmouseleave,font
onmouseleave,footer
onmouseleave,form
onmouseleave,frame
onmouseleave,frameset
onmouseleave,h1
onmouseleave,head
onmouseleave,header
onmouseleave,hgroup
onmouseleave,hr
onmouseleave,html
onmouseleave,i
onmouseleave,iframe
onmouseleave,image
onmouseleave,img
onmouseleave,input
onmouseleave,ins
onmouseleave,isindex
onmouseleave,kbd
onmouseleave,keygen
onmouseleave,label
onmouseleave,legend
onmouseleave,li
onmouseleave,link
onmouseleave,listing
onmouseleave,main
onmouseleave,map
onmouseleave,mark
onmouseleave,marquee
onmouseleave,menu
onmouseleave,menuitem
onmouseleave,meta
onmouseleave,meter
onmouseleave,multicol
onmouseleave,nav
onmouseleave,nextid
onmouseleave,nobr
onmouseleave,noembed
onmouseleave,noframes
onmouseleave,noscript
onmouseleave,object
onmouseleave,ol
onmouseleave,optgroup
onmouseleave,option
onmouseleave,output
onmouseleave,p
onmouseleave,param
onmouseleave,picture
onmouseleave,plaintext
onmouseleave,pre
onmouseleave,progress
onmouseleave,q
onmouseleave,rb
onmouseleave,rp
onmouseleave,rt
onmouseleave,rtc
onmouseleave,ruby
onmouseleave,s
onmouseleave,samp
onmouseleave,script
onmouseleave,section
onmouseleave,select
onmouseleave,shadow
onmouseleave,slot
onmouseleave,small
onmouseleave,source
onmouseleave,spacer
onmouseleave,span
onmouseleave,strike
onmouseleave,strong
onmouseleave,style
onmouseleave,sub
onmouseleave,summary
onmouseleave,sup
onmouseleave,svg
onmouseleave,table
onmouseleave,tbody
onmouseleave,td
onmouseleave,template
onmouseleave,textarea
onmouseleave,tfoot
onmouseleave,th
onmouseleave,thead
onmouseleave,time
onmouseleave,title
onmouseleave,tr
onmouseleave,track
onmouseleave,tt
onmouseleave,u
onmouseleave,ul
onmouseleave,var
onmouseleave,video
onmouseleave,wbr
onmouseleave,xmp
onmousemove,a
onmousemove,abbr
onmousemove,acronym
onmousemove,address
onmousemove,applet
onmousemove,area
onmousemove,article
onmousemove,aside
onmousemove,audio
onmousemove,b
onmousemove,base
onmousemove,basefont
onmousemove,bdi
onmousemove,bdo
onmousemove,bgsound
onmousemove,big
onmousemove,blink
onmousemove,blockquote
onmousemove,body
onmousemove,br
onmousemove,button
onmousemove,canvas
onmousemove,caption
onmousemove,center
onmousemove,cite
onmousemove,code
onmousemove,col
onmousemove,colgroup
onmousemove,command
onmousemove,content
onmousemove,data
onmousemove,datalist
onmousemove,dd
onmousemove,del
onmousemove,details
onmousemove,dfn
onmousemove,dialog
onmousemove,dir
onmousemove,div
onmousemove,dl
onmousemove,dt
onmousemove,element
onmousemove,em
onmousemove,embed
onmousemove,fieldset
onmousemove,figcaption
onmousemove,figure
onmousemove,font
onmousemove,footer
onmousemove,form
onmousemove,frame
onmousemove,frameset
onmousemove,h1
onmousemove,head
onmousemove,header
onmousemove,hgroup
onmousemove,hr
onmousemove,html
onmousemove,i
onmousemove,iframe
onmousemove,image
onmousemove,img
onmousemove,input
onmousemove,ins
onmousemove,isindex
onmousemove,kbd
onmousemove,keygen
onmousemove,label
onmousemove,legend
onmousemove,li
onmousemove,link
onmousemove,listing
onmousemove,main
onmousemove,map
onmousemove,mark
onmousemove,marquee
onmousemove,menu
onmousemove,menuitem
onmousemove,meta
onmousemove,meter
onmousemove,multicol
onmousemove,nav
onmousemove,nextid
onmousemove,nobr
onmousemove,noembed
onmousemove,noframes
onmousemove,noscript
onmousemove,object
onmousemove,ol
onmousemove,optgroup
onmousemove,option
onmousemove,output
onmousemove,p
onmousemove,param
onmousemove,picture
onmousemove,plaintext
onmousemove,pre
onmousemove,progress
onmousemove,q
onmousemove,rb
onmousemove,rp
onmousemove,rt
onmousemove,rtc
onmousemove,ruby
onmousemove,s
onmousemove,samp
onmousemove,script
onmousemove,section
onmousemove,select
onmousemove,shadow
onmousemove,slot
onmousemove,small
onmousemove,source
onmousemove,spacer
onmousemove,span
onmousemove,strike
onmousemove,strong
onmousemove,style
onmousemove,sub
onmousemove,summary
onmousemove,sup
onmousemove,svg
onmousemove,table
onmousemove,tbody
onmousemove,td
onmousemove,template
onmousemove,textarea
onmousemove,tfoot
onmousemove,th
onmousemove,thead
onmousemove,time
onmousemove,title
onmousemove,tr
onmousemove,track
onmousemove,tt
onmousemove,u
onmousemove,ul
onmousemove,var
onmousemove,video
onmousemove,wbr
onmousemove,xmp
onmouseout,a
onmouseout,abbr
onmouseout,acronym
onmouseout,address
onmouseout,applet
onmouseout,area
onmouseout,article
onmouseout,aside
onmouseout,audio
onmouseout,b
onmouseout,base
onmouseout,basefont
onmouseout,bdi
onmouseout,bdo
onmouseout,bgsound
onmouseout,big
onmouseout,blink
onmouseout,blockquote
onmouseout,body
onmouseout,br
onmouseout,button
onmouseout,canvas
onmouseout,caption
onmouseout,center
onmouseout,cite
onmouseout,code
onmouseout,col
onmouseout,colgroup
onmouseout,command
onmouseout,content
onmouseout,data
onmouseout,datalist
onmouseout,dd
onmouseout,del
onmouseout,details
onmouseout,dfn
onmouseout,dialog
onmouseout,dir
onmouseout,div
onmouseout,dl
onmouseout,dt
onmouseout,element
onmouseout,em
onmouseout,embed
onmouseout,fieldset
onmouseout,figcaption
onmouseout,figure
onmouseout,font
onmouseout,footer
onmouseout,form
onmouseout,frame
onmouseout,frameset
onmouseout,h1
onmouseout,head
onmouseout,header
onmouseout,hgroup
onmouseout,hr
onmouseout,html
onmouseout,i
onmouseout,iframe
onmouseout,image
onmouseout,img
onmouseout,input
onmouseout,ins
onmouseout,isindex
onmouseout,kbd
onmouseout,keygen
onmouseout,label
onmouseout,legend
onmouseout,li
onmouseout,link
onmouseout,listing
onmouseout,main
onmouseout,map
onmouseout,mark
onmouseout,marquee
onmouseout,menu
onmouseout,menuitem
onmouseout,meta
onmouseout,meter
onmouseout,multicol
onmouseout,nav
onmouseout,nextid
onmouseout,nobr
onmouseout,noembed
onmouseout,noframes
onmouseout,noscript
onmouseout,object
onmouseout,ol
onmouseout,optgroup
onmouseout,option
onmouseout,output
onmouseout,p
onmouseout,param
onmouseout,picture
onmouseout,plaintext
onmouseout,pre
onmouseout,progress
onmouseout,q
onmouseout,rb
onmouseout,rp
onmouseout,rt
onmouseout,rtc
onmouseout,ruby
onmouseout,s
onmouseout,samp
onmouseout,script
onmouseout,section
onmouseout,select
onmouseout,shadow
onmouseout,slot
onmouseout,small
onmouseout,source
onmouseout,spacer
onmouseout,span
onmouseout,strike
onmouseout,strong
onmouseout,style
onmouseout,sub
onmouseout,summary
onmouseout,sup
onmouseout,svg
onmouseout,table
onmouseout,tbody
onmouseout,td
onmouseout,template
onmouseout,textarea
onmouseout,tfoot
onmouseout,th
onmouseout,thead
onmouseout,time
onmouseout,title
onmouseout,tr
onmouseout,track
onmouseout,tt
onmouseout,u
onmouseout,ul
onmouseout,var
onmouseout,video
onmouseout,wbr
onmouseout,xmp
onmouseover,a
onmouseover,abbr
onmouseover,acronym
onmouseover,address
onmouseover,applet
onmouseover,area
onmouseover,article
onmouseover,aside
onmouseover,audio
onmouseover,b
onmouseover,base
onmouseover,basefont
onmouseover,bdi
onmouseover,bdo
onmouseover,bgsound
onmouseover,big
onmouseover,blink
onmouseover,blockquote
onmouseover,body
onmouseover,br
onmouseover,button
onmouseover,canvas
onmouseover,caption
onmouseover,center
onmouseover,cite
onmouseover,code
onmouseover,col
onmouseover,colgroup
onmouseover,command
onmouseover,content
onmouseover,data
onmouseover,datalist
onmouseover,dd
onmouseover,del
onmouseover,details
onmouseover,dfn
onmouseover,dialog
onmouseover,dir
onmouseover,div
onmouseover,dl
onmouseover,dt
onmouseover,element
onmouseover,em
onmouseover,embed
onmouseover,fieldset
onmouseover,figcaption
onmouseover,figure
onmouseover,font
onmouseover,footer
onmouseover,form
onmouseover,frame
onmouseover,frameset
onmouseover,h1
onmouseover,head
onmouseover,header
onmouseover,hgroup
onmouseover,hr
onmouseover,html
onmouseover,i
onmouseover,iframe
onmouseover,image
onmouseover,img
onmouseover,input
onmouseover,ins
onmouseover,isindex
onmouseover,kbd
onmouseover,keygen
onmouseover,label
onmouseover,legend
onmouseover,li
onmouseover,link
onmouseover,listing
onmouseover,main
onmouseover,map
onmouseover,mark
onmouseover,marquee
onmouseover,menu
onmouseover,menuitem
onmouseover,meta
onmouseover,meter
onmouseover,multicol
onmouseover,nav
onmouseover,nextid
onmouseover,nobr
onmouseover,noembed
onmouseover,noframes
onmouseover,noscript
onmouseover,object
onmouseover,ol
onmouseover,optgroup
onmouseover,option
onmouseover,output
onmouseover,p
onmouseover,param
onmouseover,picture
onmouseover,plaintext
onmouseover,pre
onmouseover,progress
onmouseover,q
onmouseover,rb
onmouseover,rp
onmouseover,rt
onmouseover,rtc
onmouseover,ruby
onmouseover,s
onmouseover,samp
onmouseover,script
onmouseover,section
onmouseover,select
onmouseover,shadow
onmouseover,slot
onmouseover,small
onmouseover,source
onmouseover,spacer
onmouseover,span
onmouseover,strike
onmouseover,strong
onmouseover,style
onmouseover,sub
onmouseover,summary
onmouseover,sup
onmouseover,svg
onmouseover,table
onmouseover,tbody
onmouseover,td
onmouseover,template
onmouseover,textarea
onmouseover,tfoot
onmouseover,th
onmouseover,thead
onmouseover,time
onmouseover,title
onmouseover,tr
onmouseover,track
onmouseover,tt
onmouseover,u
onmouseover,ul
onmouseover,var
onmouseover,video
onmouseover,wbr
onmouseover,xmp
onmouseup,a
onmouseup,abbr
onmouseup,acronym
onmouseup,address
onmouseup,applet
onmouseup,area
onmouseup,article
onmouseup,aside
onmouseup,audio
onmouseup,b
onmouseup,base
onmouseup,basefont
onmouseup,bdi
onmouseup,bdo
onmouseup,bgsound
onmouseup,big
onmouseup,blink
onmouseup,blockquote
onmouseup,body
onmouseup,br
onmouseup,button
onmouseup,canvas
onmouseup,caption
onmouseup,center
onmouseup,cite
onmouseup,code
onmouseup,col
onmouseup,colgroup
onmouseup,command
onmouseup,content
onmouseup,data
onmouseup,datalist
onmouseup,dd
onmouseup,del
onmouseup,details
onmouseup,dfn
onmouseup,dialog
onmouseup,dir
onmouseup,div
onmouseup,dl
onmouseup,dt
onmouseup,element
onmouseup,em
onmouseup,embed
onmouseup,fieldset
onmouseup,figcaption
onmouseup,figure
onmouseup,font
onmouseup,footer
onmouseup,form
onmouseup,frame
onmouseup,frameset
onmouseup,h1
onmouseup,head
onmouseup,header
onmouseup,hgroup
onmouseup,hr
onmouseup,html
onmouseup,i
onmouseup,iframe
onmouseup,image
onmouseup,img
onmouseup,input
onmouseup,ins
onmouseup,isindex
onmouseup,kbd
onmouseup,keygen
onmouseup,label
onmouseup,legend
onmouseup,li
onmouseup,link
onmouseup,listing
onmouseup,main
onmouseup,map
onmouseup,mark
onmouseup,marquee
onmouseup,menu
onmouseup,menuitem
onmouseup,meta
onmouseup,meter
onmouseup,multicol
onmouseup,nav
onmouseup,nextid
onmouseup,nobr
onmouseup,noembed
onmouseup,noframes
onmouseup,noscript
onmouseup,object
onmouseup,ol
onmouseup,optgroup
onmouseup,option
onmouseup,output
onmouseup,p
onmouseup,param
onmouseup,picture
onmouseup,plaintext
onmouseup,pre
onmouseup,progress
onmouseup,q
onmouseup,rb
onmouseup,rp
onmouseup,rt
onmouseup,rtc
onmouseup,ruby
onmouseup,s
onmouseup,samp
onmouseup,script
onmouseup,section
onmouseup,select
onmouseup,shadow
onmouseup,slot
onmouseup,small
onmouseup,source
onmouseup,spacer
onmouseup,span
onmouseup,strike
onmouseup,strong
onmouseup,style
onmouseup,sub
onmouseup,summary
onmouseup,sup
onmouseup,svg
onmouseup,table
onmouseup,tbody
onmouseup,td
onmouseup,template
onmouseup,textarea
onmouseup,tfoot
onmouseup,th
onmouseup,thead
onmouseup,time
onmouseup,title
onmouseup,tr
onmouseup,track
onmouseup,tt
onmouseup,u
onmouseup,ul
onmouseup,var
onmouseup,video
onmouseup,wbr
onmouseup,xmp
onmousewheel,a
onmousewheel,abbr
onmousewheel,acronym
onmousewheel,address
onmousewheel,applet
onmousewheel,area
onmousewheel,article
onmousewheel,aside
onmousewheel,audio
onmousewheel,b
onmousewheel,base
onmousewheel,basefont
onmousewheel,bdi
onmousewheel,bdo
onmousewheel,bgsound
onmousewheel,big
onmousewheel,blink
onmousewheel,blockquote
onmousewheel,body
onmousewheel,br
onmousewheel,button
onmousewheel,canvas
onmousewheel,caption
onmousewheel,center
onmousewheel,cite
onmousewheel,code
onmousewheel,col
onmousewheel,colgroup
onmousewheel,command
onmousewheel,content
onmousewheel,data
onmousewheel,datalist
onmousewheel,dd
onmousewheel,del
onmousewheel,details
onmousewheel,dfn
onmousewheel,dialog
onmousewheel,dir
onmousewheel,div
onmousewheel,dl
onmousewheel,dt
onmousewheel,element
onmousewheel,em
onmousewheel,embed
onmousewheel,fieldset
onmousewheel,figcaption
onmousewheel,figure
onmousewheel,font
onmousewheel,footer
onmousewheel,form
onmousewheel,frame
onmousewheel,frameset
onmousewheel,h1
onmousewheel,head
onmousewheel,header
onmousewheel,hgroup
onmousewheel,hr
onmousewheel,html
onmousewheel,i
onmousewheel,iframe
onmousewheel,image
onmousewheel,img
onmousewheel,input
onmousewheel,ins
onmousewheel,isindex
onmousewheel,kbd
onmousewheel,keygen
onmousewheel,label
onmousewheel,legend
onmousewheel,li
onmousewheel,link
onmousewheel,listing
onmousewheel,main
onmousewheel,map
onmousewheel,mark
onmousewheel,marquee
onmousewheel,menu
onmousewheel,menuitem
onmousewheel,meta
onmousewheel,meter
onmousewheel,multicol
onmousewheel,nav
onmousewheel,nextid
onmousewheel,nobr
onmousewheel,noembed
onmousewheel,noframes
onmousewheel,noscript
onmousewheel,object
onmousewheel,ol
onmousewheel,optgroup
onmousewheel,option
onmousewheel,output
onmousewheel,p
onmousewheel,param
onmousewheel,picture
onmousewheel,plaintext
onmousewheel,pre
onmousewheel,progress
onmousewheel,q
onmousewheel,rb
onmousewheel,rp
onmousewheel,rt
onmousewheel,rtc
onmousewheel,ruby
onmousewheel,s
onmousewheel,samp
onmousewheel,script
onmousewheel,section
onmousewheel,select
onmousewheel,shadow
onmousewheel,slot
onmousewheel,small
onmousewheel,source
onmousewheel,spacer
onmousewheel,span
onmousewheel,strike
onmousewheel,strong
onmousewheel,style
onmousewheel,sub
onmousewheel,summary
onmousewheel,sup
onmousewheel,svg
onmousewheel,table
onmousewheel,tbody
onmousewheel,td
onmousewheel,template
onmousewheel,textarea
onmousewheel,tfoot
onmousewheel,th
onmousewheel,thead
onmousewheel,time
onmousewheel,title
onmousewheel,tr
onmousewheel,track
onmousewheel,tt
onmousewheel,u
onmousewheel,ul
onmousewheel,var
onmousewheel,video
onmousewheel,wbr
onmousewheel,xmp
onmozfullscreenchange,video
onpagehide,body
onpaste,a
onpaste,abbr
onpaste,acronym
onpaste,address
onpaste,applet
onpaste,area
onpaste,article
onpaste,aside
onpaste,audio
onpaste,b
onpaste,base
onpaste,basefont
onpaste,bdi
onpaste,bdo
onpaste,bgsound
onpaste,big
onpaste,blink
onpaste,blockquote
onpaste,body
onpaste,br
onpaste,button
onpaste,canvas
onpaste,caption
onpaste,center
onpaste,cite
onpaste,code
onpaste,col
onpaste,colgroup
onpaste,command
onpaste,content
onpaste,data
onpaste,datalist
onpaste,dd
onpaste,del
onpaste,details
onpaste,dfn
onpaste,dialog
onpaste,dir
onpaste,div
onpaste,dl
onpaste,dt
onpaste,element
onpaste,em
onpaste,embed
onpaste,fieldset
onpaste,figcaption
onpaste,figure
onpaste,font
onpaste,footer
onpaste,form
onpaste,frame
onpaste,frameset
onpaste,h1
onpaste,head
onpaste,header
onpaste,hgroup
onpaste,hr
onpaste,html
onpaste,i
onpaste,iframe
onpaste,image
onpaste,img
onpaste,input
onpaste,ins
onpaste,isindex
onpaste,kbd
onpaste,keygen
onpaste,label
onpaste,legend
onpaste,li
onpaste,link
onpaste,listing
onpaste,main
onpaste,map
onpaste,mark
onpaste,marquee
onpaste,menu
onpaste,menuitem
onpaste,meta
onpaste,meter
onpaste,multicol
onpaste,nav
onpaste,nextid
onpaste,nobr
onpaste,noembed
onpaste,noframes
onpaste,noscript
onpaste,object
onpaste,ol
onpaste,optgroup
onpaste,option
onpaste,output
onpaste,p
onpaste,param
onpaste,picture
onpaste,plaintext
onpaste,pre
onpaste,progress
onpaste,q
onpaste,rb
onpaste,rp
onpaste,rt
onpaste,rtc
onpaste,ruby
onpaste,s
onpaste,samp
onpaste,script
onpaste,section
onpaste,select
onpaste,shadow
onpaste,slot
onpaste,small
onpaste,source
onpaste,spacer
onpaste,span
onpaste,strike
onpaste,strong
onpaste,style
onpaste,sub
onpaste,summary
onpaste,sup
onpaste,svg
onpaste,table
onpaste,tbody
onpaste,td
onpaste,template
onpaste,textarea
onpaste,tfoot
onpaste,th
onpaste,thead
onpaste,time
onpaste,title
onpaste,tr
onpaste,track
onpaste,tt
onpaste,u
onpaste,ul
onpaste,var
onpaste,video
onpaste,wbr
onpaste,xmp
onpause,audio
onpause,video
onpointerdown,a
onpointerdown,abbr
onpointerdown,acronym
onpointerdown,address
onpointerdown,applet
onpointerdown,area
onpointerdown,article
onpointerdown,aside
onpointerdown,audio
onpointerdown,b
onpointerdown,base
onpointerdown,basefont
onpointerdown,bdi
onpointerdown,bdo
onpointerdown,bgsound
onpointerdown,big
onpointerdown,blink
onpointerdown,blockquote
onpointerdown,body
onpointerdown,br
onpointerdown,button
onpointerdown,canvas
onpointerdown,caption
onpointerdown,center
onpointerdown,cite
onpointerdown,code
onpointerdown,col
onpointerdown,colgroup
onpointerdown,command
onpointerdown,content
onpointerdown,data
onpointerdown,datalist
onpointerdown,dd
onpointerdown,del
onpointerdown,details
onpointerdown,dfn
onpointerdown,dialog
onpointerdown,dir
onpointerdown,div
onpointerdown,dl
onpointerdown,dt
onpointerdown,element
onpointerdown,em
onpointerdown,embed
onpointerdown,fieldset
onpointerdown,figcaption
onpointerdown,figure
onpointerdown,font
onpointerdown,footer
onpointerdown,form
onpointerdown,frame
onpointerdown,frameset
onpointerdown,h1
onpointerdown,head
onpointerdown,header
onpointerdown,hgroup
onpointerdown,hr
onpointerdown,html
onpointerdown,i
onpointerdown,iframe
onpointerdown,image
onpointerdown,img
onpointerdown,input
onpointerdown,ins
onpointerdown,isindex
onpointerdown,kbd
onpointerdown,keygen
onpointerdown,label
onpointerdown,legend
onpointerdown,li
onpointerdown,link
onpointerdown,listing
onpointerdown,main
onpointerdown,map
onpointerdown,mark
onpointerdown,marquee
onpointerdown,menu
onpointerdown,menuitem
onpointerdown,meta
onpointerdown,meter
onpointerdown,multicol
onpointerdown,nav
onpointerdown,nextid
onpointerdown,nobr
onpointerdown,noembed
onpointerdown,noframes
onpointerdown,noscript
onpointerdown,object
onpointerdown,ol
onpointerdown,optgroup
onpointerdown,option
onpointerdown,output
onpointerdown,p
onpointerdown,param
onpointerdown,picture
onpointerdown,plaintext
onpointerdown,pre
onpointerdown,progress
onpointerdown,q
onpointerdown,rb
onpointerdown,rp
onpointerdown,rt
onpointerdown,rtc
onpointerdown,ruby
onpointerdown,s
onpointerdown,samp
onpointerdown,script
onpointerdown,section
onpointerdown,select
onpointerdown,shadow
onpointerdown,slot
onpointerdown,small
onpointerdown,source
onpointerdown,spacer
onpointerdown,span
onpointerdown,strike
onpointerdown,strong
onpointerdown,style
onpointerdown,sub
onpointerdown,summary
onpointerdown,sup
onpointerdown,svg
onpointerdown,table
onpointerdown,tbody
onpointerdown,td
onpointerdown,template
onpointerdown,textarea
onpointerdown,tfoot
onpointerdown,th
onpointerdown,thead
onpointerdown,time
onpointerdown,title
onpointerdown,tr
onpointerdown,track
onpointerdown,tt
onpointerdown,u
onpointerdown,ul
onpointerdown,var
onpointerdown,video
onpointerdown,wbr
onpointerdown,xmp
onpointerenter,a
onpointerenter,abbr
onpointerenter,acronym
onpointerenter,address
onpointerenter,applet
onpointerenter,area
onpointerenter,article
onpointerenter,aside
onpointerenter,audio
onpointerenter,b
onpointerenter,base
onpointerenter,basefont
onpointerenter,bdi
onpointerenter,bdo
onpointerenter,bgsound
onpointerenter,big
onpointerenter,blink
onpointerenter,blockquote
onpointerenter,body
onpointerenter,br
onpointerenter,button
onpointerenter,canvas
onpointerenter,caption
onpointerenter,center
onpointerenter,cite
onpointerenter,code
onpointerenter,col
onpointerenter,colgroup
onpointerenter,command
onpointerenter,content
onpointerenter,data
onpointerenter,datalist
onpointerenter,dd
onpointerenter,del
onpointerenter,details
onpointerenter,dfn
onpointerenter,dialog
onpointerenter,dir
onpointerenter,div
onpointerenter,dl
onpointerenter,dt
onpointerenter,element
onpointerenter,em
onpointerenter,embed
onpointerenter,fieldset
onpointerenter,figcaption
onpointerenter,figure
onpointerenter,font
onpointerenter,footer
onpointerenter,form
onpointerenter,frame
onpointerenter,frameset
onpointerenter,h1
onpointerenter,head
onpointerenter,header
onpointerenter,hgroup
onpointerenter,hr
onpointerenter,html
onpointerenter,i
onpointerenter,iframe
onpointerenter,image
onpointerenter,img
onpointerenter,input
onpointerenter,ins
onpointerenter,isindex
onpointerenter,kbd
onpointerenter,keygen
onpointerenter,label
onpointerenter,legend
onpointerenter,li
onpointerenter,link
onpointerenter,listing
onpointerenter,main
onpointerenter,map
onpointerenter,mark
onpointerenter,marquee
onpointerenter,menu
onpointerenter,menuitem
onpointerenter,meta
onpointerenter,meter
onpointerenter,multicol
onpointerenter,nav
onpointerenter,nextid
onpointerenter,nobr
onpointerenter,noembed
onpointerenter,noframes
onpointerenter,noscript
onpointerenter,object
onpointerenter,ol
onpointerenter,optgroup
onpointerenter,option
onpointerenter,output
onpointerenter,p
onpointerenter,param
onpointerenter,picture
onpointerenter,plaintext
onpointerenter,pre
onpointerenter,progress
onpointerenter,q
onpointerenter,rb
onpointerenter,rp
onpointerenter,rt
onpointerenter,rtc
onpointerenter,ruby
onpointerenter,s
onpointerenter,samp
onpointerenter,script
onpointerenter,section
onpointerenter,select
onpointerenter,shadow
onpointerenter,slot
onpointerenter,small
onpointerenter,source
onpointerenter,spacer
onpointerenter,span
onpointerenter,strike
onpointerenter,strong
onpointerenter,style
onpointerenter,sub
onpointerenter,summary
onpointerenter,sup
onpointerenter,svg
onpointerenter,table
onpointerenter,tbody
onpointerenter,td
onpointerenter,template
onpointerenter,textarea
onpointerenter,tfoot
onpointerenter,th
onpointerenter,thead
onpointerenter,time
onpointerenter,title
onpointerenter,tr
onpointerenter,track
onpointerenter,tt
onpointerenter,u
onpointerenter,ul
onpointerenter,var
onpointerenter,video
onpointerenter,wbr
onpointerenter,xmp
onpointerleave,a
onpointerleave,abbr
onpointerleave,acronym
onpointerleave,address
onpointerleave,applet
onpointerleave,area
onpointerleave,article
onpointerleave,aside
onpointerleave,audio
onpointerleave,b
onpointerleave,base
onpointerleave,basefont
onpointerleave,bdi
onpointerleave,bdo
onpointerleave,bgsound
onpointerleave,big
onpointerleave,blink
onpointerleave,blockquote
onpointerleave,body
onpointerleave,br
onpointerleave,button
onpointerleave,canvas
onpointerleave,caption
onpointerleave,center
onpointerleave,cite
onpointerleave,code
onpointerleave,col
onpointerleave,colgroup
onpointerleave,command
onpointerleave,content
onpointerleave,data
onpointerleave,datalist
onpointerleave,dd
onpointerleave,del
onpointerleave,details
onpointerleave,dfn
onpointerleave,dialog
onpointerleave,dir
onpointerleave,div
onpointerleave,dl
onpointerleave,dt
onpointerleave,element
onpointerleave,em
onpointerleave,embed
onpointerleave,fieldset
onpointerleave,figcaption
onpointerleave,figure
onpointerleave,font
onpointerleave,footer
onpointerleave,form
onpointerleave,frame
onpointerleave,frameset
onpointerleave,h1
onpointerleave,head
onpointerleave,header
onpointerleave,hgroup
onpointerleave,hr
onpointerleave,html
onpointerleave,i
onpointerleave,iframe
onpointerleave,image
onpointerleave,img
onpointerleave,input
onpointerleave,ins
onpointerleave,isindex
onpointerleave,kbd
onpointerleave,keygen
onpointerleave,label
onpointerleave,legend
onpointerleave,li
onpointerleave,link
onpointerleave,listing
onpointerleave,main
onpointerleave,map
onpointerleave,mark
onpointerleave,marquee
onpointerleave,menu
onpointerleave,menuitem
onpointerleave,meta
onpointerleave,meter
onpointerleave,multicol
onpointerleave,nav
onpointerleave,nextid
onpointerleave,nobr
onpointerleave,noembed
onpointerleave,noframes
onpointerleave,noscript
onpointerleave,object
onpointerleave,ol
onpointerleave,optgroup
onpointerleave,option
onpointerleave,output
onpointerleave,p
onpointerleave,param
onpointerleave,picture
onpointerleave,plaintext
onpointerleave,pre
onpointerleave,progress
onpointerleave,q
onpointerleave,rb
onpointerleave,rp
onpointerleave,rt
onpointerleave,rtc
onpointerleave,ruby
onpointerleave,s
onpointerleave,samp
onpointerleave,script
onpointerleave,section
onpointerleave,select
onpointerleave,shadow
onpointerleave,slot
onpointerleave,small
onpointerleave,source
onpointerleave,spacer
onpointerleave,span
onpointerleave,strike
onpointerleave,strong
onpointerleave,style
onpointerleave,sub
onpointerleave,summary
onpointerleave,sup
onpointerleave,svg
onpointerleave,table
onpointerleave,tbody
onpointerleave,td
onpointerleave,template
onpointerleave,textarea
onpointerleave,tfoot
onpointerleave,th
onpointerleave,thead
onpointerleave,time
onpointerleave,title
onpointerleave,tr
onpointerleave,track
onpointerleave,tt
onpointerleave,u
onpointerleave,ul
onpointerleave,var
onpointerleave,video
onpointerleave,wbr
onpointerleave,xmp
onpointermove,a
onpointermove,abbr
onpointermove,acronym
onpointermove,address
onpointermove,applet
onpointermove,area
onpointermove,article
onpointermove,aside
onpointermove,audio
onpointermove,b
onpointermove,base
onpointermove,basefont
onpointermove,bdi
onpointermove,bdo
onpointermove,bgsound
onpointermove,big
onpointermove,blink
onpointermove,blockquote
onpointermove,body
onpointermove,br
onpointermove,button
onpointermove,canvas
onpointermove,caption
onpointermove,center
onpointermove,cite
onpointermove,code
onpointermove,col
onpointermove,colgroup
onpointermove,command
onpointermove,content
onpointermove,data
onpointermove,datalist
onpointermove,dd
onpointermove,del
onpointermove,details
onpointermove,dfn
onpointermove,dialog
onpointermove,dir
onpointermove,div
onpointermove,dl
onpointermove,dt
onpointermove,element
onpointermove,em
onpointermove,embed
onpointermove,fieldset
onpointermove,figcaption
onpointermove,figure
onpointermove,font
onpointermove,footer
onpointermove,form
onpointermove,frame
onpointermove,frameset
onpointermove,h1
onpointermove,head
onpointermove,header
onpointermove,hgroup
onpointermove,hr
onpointermove,html
onpointermove,i
onpointermove,iframe
onpointermove,image
onpointermove,img
onpointermove,input
onpointermove,ins
onpointermove,isindex
onpointermove,kbd
onpointermove,keygen
onpointermove,label
onpointermove,legend
onpointermove,li
onpointermove,link
onpointermove,listing
onpointermove,main
onpointermove,map
onpointermove,mark
onpointermove,marquee
onpointermove,menu
onpointermove,menuitem
onpointermove,meta
onpointermove,meter
onpointermove,multicol
onpointermove,nav
onpointermove,nextid
onpointermove,nobr
onpointermove,noembed
onpointermove,noframes
onpointermove,noscript
onpointermove,object
onpointermove,ol
onpointermove,optgroup
onpointermove,option
onpointermove,output
onpointermove,p
onpointermove,param
onpointermove,picture
onpointermove,plaintext
onpointermove,pre
onpointermove,progress
onpointermove,q
onpointermove,rb
onpointermove,rp
onpointermove,rt
onpointermove,rtc
onpointermove,ruby
onpointermove,s
onpointermove,samp
onpointermove,script
onpointermove,section
onpointermove,select
onpointermove,shadow
onpointermove,slot
onpointermove,small
onpointermove,source
onpointermove,spacer
onpointermove,span
onpointermove,strike
onpointermove,strong
onpointermove,style
onpointermove,sub
onpointermove,summary
onpointermove,sup
onpointermove,svg
onpointermove,table
onpointermove,tbody
onpointermove,td
onpointermove,template
onpointermove,textarea
onpointermove,tfoot
onpointermove,th
onpointermove,thead
onpointermove,time
onpointermove,title
onpointermove,tr
onpointermove,track
onpointermove,tt
onpointermove,u
onpointermove,ul
onpointermove,var
onpointermove,video
onpointermove,wbr
onpointermove,xmp
onpointerout,a
onpointerout,abbr
onpointerout,acronym
onpointerout,address
onpointerout,applet
onpointerout,area
onpointerout,article
onpointerout,aside
onpointerout,audio
onpointerout,b
onpointerout,base
onpointerout,basefont
onpointerout,bdi
onpointerout,bdo
onpointerout,bgsound
onpointerout,big
onpointerout,blink
onpointerout,blockquote
onpointerout,body
onpointerout,br
onpointerout,button
onpointerout,canvas
onpointerout,caption
onpointerout,center
onpointerout,cite
onpointerout,code
onpointerout,col
onpointerout,colgroup
onpointerout,command
onpointerout,content
onpointerout,data
onpointerout,datalist
onpointerout,dd
onpointerout,del
onpointerout,details
onpointerout,dfn
onpointerout,dialog
onpointerout,dir
onpointerout,div
onpointerout,dl
onpointerout,dt
onpointerout,element
onpointerout,em
onpointerout,embed
onpointerout,fieldset
onpointerout,figcaption
onpointerout,figure
onpointerout,font
onpointerout,footer
onpointerout,form
onpointerout,frame
onpointerout,frameset
onpointerout,h1
onpointerout,head
onpointerout,header
onpointerout,hgroup
onpointerout,hr
onpointerout,html
onpointerout,i
onpointerout,iframe
onpointerout,image
onpointerout,img
onpointerout,input
onpointerout,ins
onpointerout,isindex
onpointerout,kbd
onpointerout,keygen
onpointerout,label
onpointerout,legend
onpointerout,li
onpointerout,link
onpointerout,listing
onpointerout,main
onpointerout,map
onpointerout,mark
onpointerout,marquee
onpointerout,menu
onpointerout,menuitem
onpointerout,meta
onpointerout,meter
onpointerout,multicol
onpointerout,nav
onpointerout,nextid
onpointerout,nobr
onpointerout,noembed
onpointerout,noframes
onpointerout,noscript
onpointerout,object
onpointerout,ol
onpointerout,optgroup
onpointerout,option
onpointerout,output
onpointerout,p
onpointerout,param
onpointerout,picture
onpointerout,plaintext
onpointerout,pre
onpointerout,progress
onpointerout,q
onpointerout,rb
onpointerout,rp
onpointerout,rt
onpointerout,rtc
onpointerout,ruby
onpointerout,s
onpointerout,samp
onpointerout,script
onpointerout,section
onpointerout,select
onpointerout,shadow
onpointerout,slot
onpointerout,small
onpointerout,source
onpointerout,spacer
onpointerout,span
onpointerout,strike
onpointerout,strong
onpointerout,style
onpointerout,sub
onpointerout,summary
onpointerout,sup
onpointerout,svg
onpointerout,table
onpointerout,tbody
onpointerout,td
onpointerout,template
onpointerout,textarea
onpointerout,tfoot
onpointerout,th
onpointerout,thead
onpointerout,time
onpointerout,title
onpointerout,tr
onpointerout,track
onpointerout,tt
onpointerout,u
onpointerout,ul
onpointerout,var
onpointerout,video
onpointerout,wbr
onpointerout,xmp
onpointerover,a
onpointerover,abbr
onpointerover,acronym
onpointerover,address
onpointerover,applet
onpointerover,area
onpointerover,article
onpointerover,aside
onpointerover,audio
onpointerover,b
onpointerover,base
onpointerover,basefont
onpointerover,bdi
onpointerover,bdo
onpointerover,bgsound
onpointerover,big
onpointerover,blink
onpointerover,blockquote
onpointerover,body
onpointerover,br
onpointerover,button
onpointerover,canvas
onpointerover,caption
onpointerover,center
onpointerover,cite
onpointerover,code
onpointerover,col
onpointerover,colgroup
onpointerover,command
onpointerover,content
onpointerover,data
onpointerover,datalist
onpointerover,dd
onpointerover,del
onpointerover,details
onpointerover,dfn
onpointerover,dialog
onpointerover,dir
onpointerover,div
onpointerover,dl
onpointerover,dt
onpointerover,element
onpointerover,em
onpointerover,embed
onpointerover,fieldset
onpointerover,figcaption
onpointerover,figure
onpointerover,font
onpointerover,footer
onpointerover,form
onpointerover,frame
onpointerover,frameset
onpointerover,h1
onpointerover,head
onpointerover,header
onpointerover,hgroup
onpointerover,hr
onpointerover,html
onpointerover,i
onpointerover,iframe
onpointerover,image
onpointerover,img
onpointerover,input
onpointerover,ins
onpointerover,isindex
onpointerover,kbd
onpointerover,keygen
onpointerover,label
onpointerover,legend
onpointerover,li
onpointerover,link
onpointerover,listing
onpointerover,main
onpointerover,map
onpointerover,mark
onpointerover,marquee
onpointerover,menu
onpointerover,menuitem
onpointerover,meta
onpointerover,meter
onpointerover,multicol
onpointerover,nav
onpointerover,nextid
onpointerover,nobr
onpointerover,noembed
onpointerover,noframes
onpointerover,noscript
onpointerover,object
onpointerover,ol
onpointerover,optgroup
onpointerover,option
onpointerover,output
onpointerover,p
onpointerover,param
onpointerover,picture
onpointerover,plaintext
onpointerover,pre
onpointerover,progress
onpointerover,q
onpointerover,rb
onpointerover,rp
onpointerover,rt
onpointerover,rtc
onpointerover,ruby
onpointerover,s
onpointerover,samp
onpointerover,script
onpointerover,section
onpointerover,select
onpointerover,shadow
onpointerover,slot
onpointerover,small
onpointerover,source
onpointerover,spacer
onpointerover,span
onpointerover,strike
onpointerover,strong
onpointerover,style
onpointerover,sub
onpointerover,summary
onpointerover,sup
onpointerover,svg
onpointerover,table
onpointerover,tbody
onpointerover,td
onpointerover,template
onpointerover,textarea
onpointerover,tfoot
onpointerover,th
onpointerover,thead
onpointerover,time
onpointerover,title
onpointerover,tr
onpointerover,track
onpointerover,tt
onpointerover,u
onpointerover,ul
onpointerover,var
onpointerover,video
onpointerover,wbr
onpointerover,xmp
onpointerrawupdate,a
onpointerrawupdate,abbr
onpointerrawupdate,acronym
onpointerrawupdate,address
onpointerrawupdate,applet
onpointerrawupdate,area
onpointerrawupdate,article
onpointerrawupdate,aside
onpointerrawupdate,audio
onpointerrawupdate,b
onpointerrawupdate,base
onpointerrawupdate,basefont
onpointerrawupdate,bdi
onpointerrawupdate,bdo
onpointerrawupdate,bgsound
onpointerrawupdate,big
onpointerrawupdate,blink
onpointerrawupdate,blockquote
onpointerrawupdate,body
onpointerrawupdate,br
onpointerrawupdate,button
onpointerrawupdate,canvas
onpointerrawupdate,caption
onpointerrawupdate,center
onpointerrawupdate,cite
onpointerrawupdate,code
onpointerrawupdate,col
onpointerrawupdate,colgroup
onpointerrawupdate,command
onpointerrawupdate,content
onpointerrawupdate,data
onpointerrawupdate,datalist
onpointerrawupdate,dd
onpointerrawupdate,del
onpointerrawupdate,details
onpointerrawupdate,dfn
onpointerrawupdate,dialog
onpointerrawupdate,dir
onpointerrawupdate,div
onpointerrawupdate,dl
onpointerrawupdate,dt
onpointerrawupdate,element
onpointerrawupdate,em
onpointerrawupdate,embed
onpointerrawupdate,fieldset
onpointerrawupdate,figcaption
onpointerrawupdate,figure
onpointerrawupdate,font
onpointerrawupdate,footer
onpointerrawupdate,form
onpointerrawupdate,frame
onpointerrawupdate,frameset
onpointerrawupdate,h1
onpointerrawupdate,head
onpointerrawupdate,header
onpointerrawupdate,hgroup
onpointerrawupdate,hr
onpointerrawupdate,html
onpointerrawupdate,i
onpointerrawupdate,iframe
onpointerrawupdate,image
onpointerrawupdate,img
onpointerrawupdate,input
onpointerrawupdate,ins
onpointerrawupdate,isindex
onpointerrawupdate,kbd
onpointerrawupdate,keygen
onpointerrawupdate,label
onpointerrawupdate,legend
onpointerrawupdate,li
onpointerrawupdate,link
onpointerrawupdate,listing
onpointerrawupdate,main
onpointerrawupdate,map
onpointerrawupdate,mark
onpointerrawupdate,marquee
onpointerrawupdate,menu
onpointerrawupdate,menuitem
onpointerrawupdate,meta
onpointerrawupdate,meter
onpointerrawupdate,multicol
onpointerrawupdate,nav
onpointerrawupdate,nextid
onpointerrawupdate,nobr
onpointerrawupdate,noembed
onpointerrawupdate,noframes
onpointerrawupdate,noscript
onpointerrawupdate,object
onpointerrawupdate,ol
onpointerrawupdate,optgroup
onpointerrawupdate,option
onpointerrawupdate,output
onpointerrawupdate,p
onpointerrawupdate,param
onpointerrawupdate,picture
onpointerrawupdate,plaintext
onpointerrawupdate,pre
onpointerrawupdate,progress
onpointerrawupdate,q
onpointerrawupdate,rb
onpointerrawupdate,rp
onpointerrawupdate,rt
onpointerrawupdate,rtc
onpointerrawupdate,ruby
onpointerrawupdate,s
onpointerrawupdate,samp
onpointerrawupdate,script
onpointerrawupdate,section
onpointerrawupdate,select
onpointerrawupdate,shadow
onpointerrawupdate,slot
onpointerrawupdate,small
onpointerrawupdate,source
onpointerrawupdate,spacer
onpointerrawupdate,span
onpointerrawupdate,strike
onpointerrawupdate,strong
onpointerrawupdate,style
onpointerrawupdate,sub
onpointerrawupdate,summary
onpointerrawupdate,sup
onpointerrawupdate,svg
onpointerrawupdate,table
onpointerrawupdate,tbody
onpointerrawupdate,td
onpointerrawupdate,template
onpointerrawupdate,textarea
onpointerrawupdate,tfoot
onpointerrawupdate,th
onpointerrawupdate,thead
onpointerrawupdate,time
onpointerrawupdate,title
onpointerrawupdate,tr
onpointerrawupdate,track
onpointerrawupdate,tt
onpointerrawupdate,u
onpointerrawupdate,ul
onpointerrawupdate,var
onpointerrawupdate,video
onpointerrawupdate,wbr
onpointerrawupdate,xmp
onpointerup,a
onpointerup,abbr
onpointerup,acronym
onpointerup,address
onpointerup,applet
onpointerup,area
onpointerup,article
onpointerup,aside
onpointerup,audio
onpointerup,b
onpointerup,base
onpointerup,basefont
onpointerup,bdi
onpointerup,bdo
onpointerup,bgsound
onpointerup,big
onpointerup,blink
onpointerup,blockquote
onpointerup,body
onpointerup,br
onpointerup,button
onpointerup,canvas
onpointerup,caption
onpointerup,center
onpointerup,cite
onpointerup,code
onpointerup,col
onpointerup,colgroup
onpointerup,command
onpointerup,content
onpointerup,data
onpointerup,datalist
onpointerup,dd
onpointerup,del
onpointerup,details
onpointerup,dfn
onpointerup,dialog
onpointerup,dir
onpointerup,div
onpointerup,dl
onpointerup,dt
onpointerup,element
onpointerup,em
onpointerup,embed
onpointerup,fieldset
onpointerup,figcaption
onpointerup,figure
onpointerup,font
onpointerup,footer
onpointerup,form
onpointerup,frame
onpointerup,frameset
onpointerup,h1
onpointerup,head
onpointerup,header
onpointerup,hgroup
onpointerup,hr
onpointerup,html
onpointerup,i
onpointerup,iframe
onpointerup,image
onpointerup,img
onpointerup,input
onpointerup,ins
onpointerup,isindex
onpointerup,kbd
onpointerup,keygen
onpointerup,label
onpointerup,legend
onpointerup,li
onpointerup,link
onpointerup,listing
onpointerup,main
onpointerup,map
onpointerup,mark
onpointerup,marquee
onpointerup,menu
onpointerup,menuitem
onpointerup,meta
onpointerup,meter
onpointerup,multicol
onpointerup,nav
onpointerup,nextid
onpointerup,nobr
onpointerup,noembed
onpointerup,noframes
onpointerup,noscript
onpointerup,object
onpointerup,ol
onpointerup,optgroup
onpointerup,option
onpointerup,output
onpointerup,p
onpointerup,param
onpointerup,picture
onpointerup,plaintext
onpointerup,pre
onpointerup,progress
onpointerup,q
onpointerup,rb
onpointerup,rp
onpointerup,rt
onpointerup,rtc
onpointerup,ruby
onpointerup,s
onpointerup,samp
onpointerup,script
onpointerup,section
onpointerup,select
onpointerup,shadow
onpointerup,slot
onpointerup,small
onpointerup,source
onpointerup,spacer
onpointerup,span
onpointerup,strike
onpointerup,strong
onpointerup,style
onpointerup,sub
onpointerup,summary
onpointerup,sup
onpointerup,svg
onpointerup,table
onpointerup,tbody
onpointerup,td
onpointerup,template
onpointerup,textarea
onpointerup,tfoot
onpointerup,th
onpointerup,thead
onpointerup,time
onpointerup,title
onpointerup,tr
onpointerup,track
onpointerup,tt
onpointerup,u
onpointerup,ul
onpointerup,var
onpointerup,video
onpointerup,wbr
onpointerup,xmp
onreset,form
onsearch,input
onseeked,audio
onseeked,video
onseeking,audio
onseeking,video
onselect,input
onselect,textarea
onselectionchange,body
onselectstart,body
onshow,menu
onsubmit,form
ontouchend,body
ontouchmove,body
ontouchstart,body
onvolumechange,audio
onvolumechange,video
onwheel,body
